name,id
Neil Sullivan,1
Kieran Agard,2
Joseph Whitworth,3
Li Tie,4
Laurent Koscielny,5
Eduardo Vargas,6
John Piercy,7
Nathan Doyle,8
Craig Lynch,9
Manu García,10
Joelinton,11
Michael Johnson,12
Gonzalo Sorondo,13
Danny Guthrie,14
Mateo Fernández,15
Steve Walsh,16
Jefferson Lerma,17
Alf-Inge Håland,18
Rui Patrício,19
Dan Nlundulu,20
Matthew Briggs,21
Ben Doak,22
Alessandro Pistone,23
Didier Digard,24
Park Chu-young,25
Gary Madine,26
Fikayo Tomori,27
Dean Sturridge,28
Odsonne Édouard,29
Papy Djilobodji,30
Sam Clucas,31
Malky Mackay,32
Robert Huth,33
Mark Gower,34
Wes Hoolahan,35
Markus Henriksen,36
Jan Bednarek,37
Diniyar Bilyaletdinov,38
Bobby Convey,39
Ryan Seager,40
John-Kymani Gordon,41
Mark Yeates,42
Neal Maupay,43
Nathan Redmond,44
Lyle Taylor,45
Rudy Gestede,46
Stephen Glass,47
Chris Brunt,48
André Ayew,49
Denis Irwin,50
Fabio Vieira,51
Carl Ikeme,52
Samuel Eto'o,53
Jack Butland,54
Leander Dendoncker,55
Julien De Sart,56
Juan Larios,57
Neto,58
Javier Margas,59
Olivier Bernard,60
Jay Simpson,61
Matt Le Tissier,62
Jerzy Dudek,63
Florin Andone,64
Fábio Aurélio,65
Freddie Ladapo,66
Justin Hoyte,67
Paulo Ferreira,68
Victor Wanyama,69
Leon Best,70
Andrea Dossena,71
Édouard Cissé,72
Miguel Britos,73
Alex Iwobi,74
Steve McManaman,75
Jens Lehmann,76
Alfie Devine,77
Sam Gallagher,78
Joseph McGlynn,79
Kgagelo Chauke,80
Wilfred Ndidi,81
Danny Fox,82
Pedro Neto,83
Christos Tzolis,84
Marlon King,85
Jake Livermore,86
Tony Caig,87
Stephen Dobbie,88
Nathan Delfouneso,89
Joe Gelhardt,90
Krisztián Hegyi,91
David Bentley,92
Jack Stacey,93
Kevin Gallacher,94
Spencer Prior,95
Fabian Wilnis,96
Stuart Holden,97
Arjan de Zeeuw,98
Indiana Vassilev,99
Danny Collins,100
Caçapa,101
Moustapha Salifou,102
Caleb Taylor,103
Andrew Davies,104
Niclas Jensen,105
Sébastien Squillaci,106
Urby Emanuelson,107
Kaide Gordon,108
Elliot Omozusi,109
Alberto Paloschi,110
Luka Milivojević,111
Stefan Schwarz,112
John Lukic,113
Dean Moxey,114
Steven Berghuis,115
Lloyd Kelly,116
Saúl Ñíguez,117
Yohan Benalouane,118
Tony Adams,119
Dominic Calvert-Lewin,120
Pavel Pogrebnyak,121
Jake Eastwood,122
Lucas Paquetá,123
Manor Solomon,124
Ángelo Henríquez,125
Rachid Ghezzal,126
Celestine Babayaro,127
Ryan Tunnicliffe,128
Thomas Vermaelen,129
Chris Martin,130
Marians Pahars,131
George Hirst,132
Taylor Harwood-Bellis,133
Jensen Weir,134
Filipe Oliveira,135
Peter Odemwingie,136
Lukas Rupp,137
Fernando Torres,138
Noé Pamarot,139
Chris Mepham,140
Neil Danns,141
Rhoys Wiggins,142
Owen Bevan,143
Enda Stevens,144
Lino Sousa,145
Eljero Elia,146
Dennis Praet,147
Romelu Lukaku,148
Conor Sammon,149
Shaun Derry,150
Kim Bo-kyung,151
Robbie Mustoe,152
David Edwards,153
Dean Ashton,154
Steve Gohouri,155
Yann M'Vila,156
Jorginho,157
Mickaël Debève,158
Euan Pollock,159
Luka Modrić,160
Eiður Guðjohnsen,161
Henrik Larsson,162
Kieran Dowell,163
Milot Rashica,164
Aymeric Laporte,165
Thierry Ambrose,166
Tony Andreu,167
Alex Telles,168
Júlio César,169
Ben Sahar,170
Dimitar Berbatov,171
Paul Rachubka,172
Kazuyuki Toda,173
Noureddine Naybet,174
Sullay Kaikai,175
Brandon Austin,176
Yannick Sagbo,177
Jack Hinshelwood,178
Sergio Gómez,179
Giannelli Imbula,180
Stefan Schnoor,181
Roberto Pereyra,182
Gábor Király,183
Tim Howard,184
Álvaro Vázquez,185
Abu Kamara,186
Fernando Forestieri,187
Josh Sims,188
Benjani Mwaruwari,189
Grzegorz Rasiak,190
Josh Harrop,191
Jos Hooiveld,192
Jerome Thomas,193
Nigel Quashie,194
Bebé,195
Ben Knight,196
Jakob Haugaard,197
Joseph-Désiré Job,198
Stefan Savić,199
Michael Gray,200
Richard Garcia,201
Jamie Redknapp,202
Scott Carson,203
Lisandro Martínez,204
Deon Burton,205
Dominic Ball,206
Marcus Browne,207
Hayden Mullins,208
Ulrich Le Pen,209
Alberto Moreno,210
Zavon Hines,211
Michael Phillips,212
Tyrese Campbell,213
Mehdi Nafti,214
Wilfried Bony,215
Felipe Caicedo,216
Andreas Jakobsson,217
Aaron Mokoena,218
Elliot Grandin,219
Víctor Valdés,220
Kaine Kessler,221
William Osula,222
Matteo Darmian,223
Stuart Taylor,224
Román Golobart,225
Ched Evans,226
Mario Espartero,227
Fredrik Stoor,228
Daniel Braaten,229
Oumar Niasse,230
Yannick Bolasie,231
Omari Hutchinson,232
Gary Pallister,233
Pierre Ducrocq,234
Shola Shoretire,235
Josh Brownhill,236
Nick Pope,237
Zurab Khizanishvili,238
Jamie Sterry,239
Toti Gomes,240
Kyel Reid,241
Paul Bosvelt,242
Craig Short,243
Chris Gunter,244
Aron Gunnarsson,245
Ryan Ledson,246
Keinan Davis,247
Sammy Braybroke,248
Martin Paterson,249
Jóhann Berg Guðmundsson,250
Markus Rosenberg,251
Will Ferry,252
Karim Bagheri,253
Teddy Jenks,254
Max Thompson,255
Andreas Weimann,256
Paulinho,257
Osei Sankofa,258
Danny Butterfield,259
Vladimír Šmicer,260
Doriva,261
Jack Robinson,262
Iván Guerrero,263
Scott Kerr,264
Nenê,265
Brian Deane,266
N'Golo Kanté,267
Lilian Nalis,268
George Evans,269
Magnus Wolff Eikrem,270
Oliver Hammond,271
Dean Holdsworth,272
Billy Koumetio,273
Connor Dymond,274
Brede Hangeland,275
Yoane Wissa,276
John McGreal,277
Andy Goram,278
Paul Ifill,279
Rhys Healey,280
Kurt Zouma,281
M'Baye Niang,282
Danny Cadamarteri,283
Stephen McPhail,284
Jared Hodgkiss,285
Kyle Bartley,286
Daniel Pudil,287
Garry Monk,288
Rod Wallace,289
John Halls,290
Tyrone Mings,291
Ryan France,292
Timothy Fosu-Mensah,293
Yan Valery,294
Nico Yennaris,295
Timm Klose,296
João Cancelo,297
Claude Davis,298
Danny Dichio,299
Patrick M'Boma,300
Leon Britton,301
Rickie Lambert,302
Sam Hutchinson,303
Edouard Mendy,304
Florian Lejeune,305
Cristian Riveros,306
Gonçalo Cardoso,307
Luke Varney,308
Jonny Williams,309
Darren Fletcher,310
Gilles De Bilde,311
Des Lyttle,312
Jonathan Hogg,313
George Elokobi,314
Gelson Fernandes,315
Joachim Björklund,316
Luc Nilis,317
Pervis Estupiñán,318
Charlie Savage,319
David Davis,320
Sepp van den Berg,321
Shaun Wright-Phillips,322
Cédric Kipré,323
Demba Ba,324
Tony Grant,325
Youssouf Mulumbu,326
Jody Craddock,327
Albert Ferrer,328
Nigel Lonwijk,329
Quincy Owusu-Abeyie,330
Robbie Keane,331
George Wickens,332
Jürgen Macho,333
Talal El Karkouri,334
Riccardo Calder,335
Teddy Lučić,336
Robbie Blake,337
Roque Mesa,338
Haydon Roberts,339
Ondřej Čelůstka,340
Callum Williams,341
Tobias Linderoth,342
Stephen Cooke,343
Michel Vorm,344
Thomas Partey,345
Gary Charles,346
Ruud Boffin,347
Lucas Torreira,348
Nicky Law,349
Robert Koren,350
Julián Speroni,351
Tendayi Darikwa,352
Kyle Jameson,353
Graeme Murty,354
Sean Longstaff,355
Ariza Makukula,356
Eric Maxim Choupo-Moting,357
Boubakary Soumaré,358
Muamer Tanković,359
Philippe Coutinho,360
Muhamed Bešić,361
Artur Boruc,362
Joonas Kolkka,363
Emi Buendía,364
Danny Mills,365
Omar Pouso,366
Elliott Bennett,367
Matheus Nunes,368
Benjamin Nelson,369
Aaron Rowe,370
James Furlong,371
Milenko Ačimovič,372
Jason Euell,373
Ben Mee,374
Matthew Longstaff,375
Francis Jeffers,376
Tiago Ilori,377
Garry O'Connor,378
Harvey Griffiths,379
Christophe Dugarry,380
Jon Flanagan,381
Kristoffer Klaesson,382
Ryan Shotton,383
Álvaro Arbeloa,384
Tiago Mendes,385
Christian Nadé,386
David Raya,387
Alex Král,388
Jonathan Walters,389
Russell Griffiths,390
Hérold Goulon,391
Jari Litmanen,392
Arnar Gunnlaugsson,393
Glenn Whelan,394
Brennan Johnson,395
João Palhinha,396
Ryan Giggs,397
Jan Kirchhoff,398
Gabriel Dos Santos,399
Samir Santos,400
Sylvain Wiltord,401
Steve Staunton,402
Andy Marriott,403
Peter Beagrie,404
Damien Duff,405
Pablo Zabaleta,406
Rodri,407
Brenden Aaronson,408
Nathan Patterson,409
Edgar Davids,410
Denny Landzaat,411
Cenk Tosun,412
David Bellion,413
Gianluca Scamacca,414
Ishmael Miller,415
Ramires,416
Vicente Iborra,417
Bernard Lambourde,418
Fernando Hierro,419
Omotayo Adaramola,420
James McArthur,421
Mike Williamson,422
Blessing Kaku,423
Cesc Fàbregas,424
Marcos Rojo,425
Neal Eardley,426
Alexander Isak,427
Borja Oubiña,428
John Collins,429
Leonardo Ulloa,430
Rodrigo Muniz,431
Álex Moreno,432
Kevin Campbell,433
Paul Thirlwell,434
Simon Charlton,435
Jamal Lewis,436
Alan Tate,437
Luke Young,438
Aaron Wan-Bissaka,439
Jonatan Johansson,440
Chris Baird,441
Pierre-Emerick Aubameyang,442
Darren Moore,443
Bright Enobakhare,444
Akin Famewo,445
Bobby Zamora,446
Ugo Ehiogu,447
Tom Williamson,448
Alan Hutton,449
Luciano Becchio,450
Mbwana Samatta,451
Morten Gamst Pedersen,452
Jacob Murphy,453
José Fonte,454
Cheick Tioté,455
Fernandinho,456
Max Meyer,457
Jesús Gámez,458
Juan Zúñiga,459
Christian Bassila,460
Fitz Hall,461
Gavin Strachan,462
Adam Hammill,463
Martin Škrtel,464
David Stockdale,465
Hugo Bueno,466
Darren Potter,467
Yoann Folly,468
Conor Bradley,469
Jesper Grønkjær,470
Dennis Cirken,471
Izzy Brown,472
Eunan O'Kane,473
Ashley Barnes,474
Jamie O'Hara,475
Christian Marques,476
Robbie Savage,477
Wayne Quinn,478
Paul Scharner,479
Kenji Gorré,480
Péter Halmosi,481
Stig Tøfting,482
Sam Waller,483
Reece James,484
Weston McKennie,485
Moussa Djenepo,486
Kevin McDonald,487
Javi García,488
Joey Barton,489
Iván Campo,490
Craig Moore,491
Thibaud Verlinden,492
Ovie Ejaria,493
Jon Otsemobor,494
Davy Klaassen,495
Stuart McKinstry,496
Andrew Taylor,497
Somen Tchoyi,498
Claudio Bravo,499
Paolo Vernazza,500
Tim Sherwood,501
Marcus Allbäck,502
Steve Harper,503
Cameron Archer,504
Finidi George,505
Kiernan Dewsbury-Hall,506
Ludovic Sylvestre,507
Ricardo Gardner,508
Dennis Srbeny,509
Eden Hazard,510
Rhys Williams,511
Brendan Galloway,512
Kevin Stuhr Ellegaard,513
Nathan Holland,514
Kayky Chagas,515
Sébastien Pocognoli,516
Henri Lansbury,517
Mateo Kovačić,518
Marnick Vermijl,519
Willian,520
Sebastian Prödl,521
Tim Krul,522
Ken Sema,523
Mathias Jensen,524
Albert Luque,525
Simon Mignolet,526
CJ Egan-Riley,527
Mauro Formica,528
Cole Kpekawa,529
Scott Dobie,530
Harrison Ashby,531
Daniel James,532
Neil Etheridge,533
Chris Herd,534
Bruno Ecuele Manga,535
Allan Saint-Maximin,536
Sekou Mara,537
Cameron Borthwick-Jackson,538
Alex McCarthy,539
Jack Wilshere,540
Andrej Kramarić,541
Donald Love,542
Moussa Sissoko,543
Jonathan Tomkinson,544
Itay Shechter,545
Steven Caulker,546
Mark Clyde,547
Afonso Alves,548
Sébastien Puygrenier,549
Ronald Zubar,550
Bryan Mbeumo,551
Matty James,552
Garath McCleary,553
Henri Camara,554
Craig Fagan,555
Ján Mucha,556
Steve Mounié,557
Takumi Minamino,558
Allan Tchaptchet,559
Stephen Hunt,560
Aki Riihilahti,561
Kaba Diawara,562
Terry Dunfield,563
Luis Jiménez,564
Dexter Blackstock,565
Marcelo Flores,566
Thomas Gaardsøe,567
Ognjen Koroman,568
Alexey Smertin,569
Yıldıray Baştürk,570
Alejandro Pozuelo,571
Moritz Leitner,572
Jimmy Bullard,573
Bobby Thomas,574
Jean Beausejour,575
Dieumerci Mbokani,576
Lewis Cass,577
Steve Howard,578
Miles Addison,579
Matthew Taylor,580
Lucas Piazon,581
Derrick Williams,582
James Keene,583
Boubacar Kamara,584
Nikola Žigić,585
Gabriel Tamaș,586
Mateja Kežman,587
Sadio Mané,588
Aaron Connolly,589
Iago Falque,590
Josemi,591
Ján Kozák,592
Rémy Cabella,593
Lys Mousset,594
Sebastián Coates,595
Alan Shearer,596
Djibril Diawara,597
David Jones,598
Luuk de Jong,599
Andy Wilkinson,600
Andi Zeqiri,601
Simo Valakari,602
Harry Boyes,603
Loïc Mbe Soh,604
Ludwig Augustinsson,605
Tyler Blackett,606
Ricky Álvarez,607
Marquinhos,608
Stephan Lichtsteiner,609
Mark Burchill,610
John Paintsil,611
Dael Fry,612
Vladimír Labant,613
Hope Akpan,614
Jason Lokilo,615
Francisco Sierralta,616
Nathan Collins,617
Olivier Tébily,618
Ivica Mornar,619
Luis Alberto,620
Salah Oulad M'Hand,621
Andy Griffin,622
David Sommeil,623
Hiram Boateng,624
Shaun MacDonald,625
Matty Willock,626
Fraser Fyvie,627
Bernardo Corradi,628
Aiden O'Neill,629
Erik Pieters,630
Júlio Baptista,631
Michael Olise,632
Craig Bellamy,633
Juraj Kucka,634
Jo Inge Berget,635
Russell Martin,636
Brown Ideye,637
Souleymane Diawara,638
Fraser Forster,639
Pierre Lees-Melou,640
Ezri Konsa,641
Joey Hutchinson,642
Stefan Moore,643
Antolín Alcaraz,644
Nacer Chadli,645
Jelle Van Damme,646
José Holebas,647
Pierre Højbjerg,648
Martin Jiránek,649
Aleksandar Mitrović,650
Tommy Elphick,651
Alireza Jahanbakhsh,652
Zidane Iqbal,653
Ronny Johnsen,654
Denis Stracqualursi,655
Evandro Goebel,656
Gabriel Paletta,657
Thilo Kehrer,658
João Virgínia,659
Andy Campbell,660
Facundo Pellistri,661
Rúnar Alex Rúnarsson,662
Nikica Jelavić,663
Yerry Mina,664
Christian Walton,665
Rafael,666
David Goodwillie,667
Clive Clarke,668
Lenny Pidgeley,669
Sonny Perkins,670
Gareth Bale,671
Þórður Guðjónsson,672
Steve Stone,673
Martijn Reuser,674
Jon McCracken,675
Elliott Ward,676
Mikael Forssell,677
Anthony Grant,678
Leon Bailey,679
Alex Song,680
Bukayo Saka,681
Kevin Horlock,682
Gareth Farrelly,683
Kayne Ramsey,684
Josh Maja,685
Bruno Martins Indi,686
Mark Randall,687
Loris Karius,688
Jonny Castro,689
Darius Vassell,690
Christopher Samba,691
Jacob Laursen,692
Jonathan Kodjia,693
Adnan Januzaj,694
Cédric Soares,695
Brandon Williams,696
Robert Sánchez,697
Steve Morison,698
Jeff Reine-Adélaïde,699
Andrew Surman,700
Jason McAteer,701
Darryl Powell,702
Christian Negouai,703
Dimitris Giannoulis,704
Gary Holt,705
Dejan Kulusevski,706
Lewis O'Brien,707
Richard Shaw,708
Julio César Enciso,709
Robert Green,710
Branislav Ivanović,711
Vitaliy Mykolenko,712
Stephen Warnock,713
Mattias Jonson,714
Konstantinos Mavropanos,715
Anthony Driscoll-Glennon,716
Leandro Trossard,717
Frédéric Nimani,718
Oliver Casey,719
Sean Davis,720
Isaac Price,721
Jamal Lowe,722
Danny Shittu,723
Pedro Obiang,724
Federico Fernández,725
André Santos,726
Henrique Hilário,727
Christian Kabasele,728
Fernando Morientes,729
Gilberto Silva,730
Kostas Konstantinidis,731
Serge Aurier,732
Christian Dailly,733
Callum Slattery,734
Rodrigo Beckham,735
Kevin Poole,736
Dean Richards,737
Manny Onariase,738
Maurice Edu,739
Lewis Gibson,740
Liam Rosenior,741
Yann Kermorgant,742
Anderson,743
Danny Simpson,744
Danny Rose,745
Gedson Fernandes,746
Steven Mouyokolo,747
Iván Kaviedes,748
Roque Santa Cruz,749
Freddie Sears,750
Håvard Nordtveit,751
Toni Kallio,752
Carl Jenkinson,753
Brett Ormerod,754
Mark Venus,755
Adam Green,756
Branko Strupar,757
Emmanuel Adebayor,758
Joe Bennett,759
Max Stryjek,760
Scott Dann,761
Hidetoshi Nakata,762
Martinelli,763
Gaël Givet,764
Alfred N'Diaye,765
Ryan Allsop,766
Marcelo Pitaluga,767
Adrián López,768
Jovan Kirovski,769
James Morris,770
Nampalys Mendy,771
Djibril Cissé,772
Armstrong Okoflex,773
Espen Baardsen,774
Gareth Whalley,775
Andrei Kanchelskis,776
Niclas Alexandersson,777
Frank Nouble,778
Ian Evatt,779
Emil Krafth,780
Hamed Junior Traorè,781
Lasse Sørensen,782
Javier Hernández,783
James Trafford,784
Thierry Henry,785
Tyreke Johnson,786
Chris Black,787
Ed de Goey,788
David Pizarro,789
Nadir Belhadj,790
Darren Ambrose,791
Zheng Zhi,792
Mário Jardel,793
Matt Worthington,794
Nicky Hunt,795
Nick Barmby,796
Andreas Søndergaard,797
Jadon Sancho,798
Jermain Defoe,799
Adama Diakhaby,800
Lloyd Doyley,801
Thomas Doyle,802
Rhian Brewster,803
Matt Murray,804
Ryan Taylor,805
Keith Southern,806
Ben Turner,807
Max Kilman,808
Josh Sargent,809
Claude Makélélé,810
Robert Betts,811
Daniel Pacheco,812
David Prutton,813
Martín Cáceres,814
Adam Chambers,815
Maynor Figueroa,816
Trevoh Chalobah,817
Peter Ramage,818
Suso,819
Ian Walker,820
Matteo Sereni,821
Dennis Bergkamp,822
Ryan Noble,823
Kyle Alex John,824
Eddie Johnson,825
Edinson Cavani,826
Jamie Slabber,827
Gary Locke,828
Craig Hignett,829
Roland Lamah,830
Tomáš Souček,831
Mathieu Flamini,832
Mehdi Abeid,833
Jeffrey Bruma,834
Chris McCann,835
Billy McKinlay,836
Charlie Whitaker,837
Toby Alderweireld,838
Guy Demel,839
Sulley Muntari,840
Andy Hunt,841
Péter Kurucz,842
Saido Berahino,843
Jack Grieves,844
James Storer,845
Steven Bergwijn,846
Georginio Rutter,847
Stig Inge Bjørnebye,848
Ritchie De Laet,849
Ryan Bennett,850
Cameron Brannagan,851
Simon Lappin,852
Christian Eriksen,853
Dale Taylor,854
Mark Halstead,855
Kobbie Mainoo,856
Yaya Sanogo,857
Jamal Campbell-Ryce,858
Benjamin Mendy,859
Tomáš Rosický,860
Brad Smith,861
Luke Dreher,862
Iliman Ndiaye,863
Sil Swinkels,864
Patrice Luzi,865
Jan Laštůvka,866
Andy Myers,867
Marcos Painter,868
Bryan Ruiz,869
Wesley Fofana,870
Daniel Kemp,871
Filip Marshall,872
Kalvin Phillips,873
Gary Rowett,874
Kemy Agustien,875
Will Hoskins,876
Edin Džeko,877
Pablo Couñago,878
Xabi Alonso,879
Frédéric Kanouté,880
Craig Burley,881
Richard Jackson,882
José Ángel Crespo,883
Mykhailo Mudryk,884
Jonathan Leko,885
Nelson Vivas,886
Jay DeMerit,887
Aaron Hughes,888
Fabrice Fernandes,889
George Thorne,890
Carl Cort,891
Carlos Salcido,892
Matt Oakley,893
Denis Suárez,894
Àngel Rangel,895
Ellis Simms,896
Tetê,897
Sam Baldock,898
Paul Robinson,899
Jean-Alain Boumsong,900
Fabricio,901
Harvey Davies,902
Patrick Roberts,903
Seyi Olofinjana,904
Bernardo,905
Pablo Sarabia,906
Moritz Bauer,907
Alec Chamberlain,908
Lárus Sigurðsson,909
Eggert Jónsson,910
Tim Ream,911
Edimilson Fernandes,912
Hakan Ünsal,913
Michał Karbownik,914
Owen Dodgson,915
Rigobert Song,916
Alberto Aquilani,917
Thomas Dickson-Peters,918
Liam Lawrence,919
Dietmar Hamann,920
Sam Sodje,921
Colin Cooper,922
Ousmane Dabo,923
Colin Kazim-Richards,924
Adam Murray,925
Ledley King,926
Gonçalo Guedes,927
Jerome Sinclair,928
Gianni Zuiverloon,929
Taye Taiwo,930
Gareth Barry,931
Willy Boly,932
Kevin Davies,933
Emmanuel Olisadebe,934
Timo Werner,935
Mason Mount,936
Marc Albrighton,937
Albert Crusat,938
Ben Reeves,939
Kenedy,940
Eduardo Carvalho,941
Ionel Ganea,942
Ian Nolan,943
Mark Pembridge,944
Emmanuel Petit,945
Keith Treacy,946
Gervinho,947
Samba Diakité,948
Shay Given,949
Phil Bardsley,950
Adam le Fondre,951
Marc Roca,952
Gerry Taggart,953
Ricardo Vaz Tê,954
Bernard Diomède,955
Jordon Ibe,956
Lucas Pérez,957
Kostas Stafylidis,958
David Hopkin,959
Rami Shaaban,960
Jacob Burns,961
Nuri Şahin,962
Laurent Depoitre,963
Salva Ballesta,964
Will Keane,965
Romain Saïss,966
Karlan Grant,967
Oskar Buur,968
Kazenga LuaLua,969
Joe Williams,970
Ki-Jana Hoever,971
Illan Meslier,972
Miroslav Stoch,973
Moha El Ouriachi,974
Tom Trybull,975
Stuart Nicholson,976
Kevin Foley,977
Felipe,978
Johann Vogel,979
Shaun Goater,980
Sone Aluko,981
Thomas Mcgill,982
Anthony Vanden Borre,983
James Wilson,984
Jonathan Greening,985
Paul Dickov,986
Daniele Daino,987
Thomas Myhre,988
Juan Pablo Ángel,989
Bertrand Traoré,990
Kieron Freeman,991
Jonathan Blondel,992
Adlène Guedioura,993
João Félix,994
Kalifa Cissé,995
Julius Aghahowa,996
Fredrik Ulvestad,997
Stefan Oakes,998
Damien Johnson,999
Lucas Digne,1000
Adam Idah,1001
Daniel Jebbison,1002
Jeff Hendrick,1003
Stéphane Mbia,1004
Hogan Ephraim,1005
Mathias Svensson,1006
Christian Kalvenes,1007
Aboubakar Kamara,1008
Louis Laing,1009
Márton Fülöp,1010
Dilan Markanday,1011
Taylor Perry,1012
Tomas Danilevičius,1013
John Filan,1014
Rob Edwards,1015
Brandon Barker,1016
Matteo Ferrari,1017
Sam Ricketts,1018
Degnand Gnonto,1019
Danny Granville,1020
Carl Stewart,1021
Jorge Costa,1022
Badou Ndiaye,1023
Mile Jedinak,1024
Donny van de Beek,1025
Nathan Ashton,1026
James Beattie,1027
Kaspars Gorkšs,1028
Dong Fangzhuo,1029
Charlie Rowan,1030
Adrian Mutu,1031
George Baldock,1032
Julián Álvarez,1033
Øyvind Leonhardsen,1034
Isaac Mbenza,1035
Paul Gerrard,1036
Steve Mandanda,1037
Alan Quinn,1038
Olivier Kemen,1039
Jonathan Parr,1040
Rob Lee,1041
Charlie MacDonald,1042
Philippe Senderos,1043
Nyron Nosworthy,1044
Neil Clement,1045
Paul Stalteri,1046
Vladimir Stojković,1047
Michael Brown,1048
Josh Pask,1049
Arnold Mvuemba,1050
Nathan Broadhead,1051
Paulo Wanchope,1052
Ben Pearson,1053
Andreas Isaksson,1054
Tugay Kerimoğlu,1055
Luís Boa Morte,1056
Filipe Luís,1057
Keshi Anderson,1058
Jacob Maddox,1059
Danny Coyne,1060
Stanislav Varga,1061
Abdeslam Ouaddou,1062
Dean Leacock,1063
Eldin Jakupović,1064
Joshua King,1065
Jon Stead,1066
Rob Hulse,1067
Ian Bishop,1068
Carlos Vinícius,1069
Ali Gabr,1070
Darren Anderton,1071
Igors Stepanovs,1072
Tom Soares,1073
Hwang Hee-chan,1074
Oriol Romeu,1075
Cucho,1076
Ezgjan Alioski,1077
André Green,1078
Kristoffer Ajer,1079
Jonathan Spector,1080
Wout Weghorst,1081
Gaël Kakuta,1082
Lee Naylor,1083
Ian Taylor,1084
Matt Miazga,1085
Chris David,1086
Igor Štimac,1087
Jamie Carragher,1088
Calum Chambers,1089
Mateusz Bogusz,1090
Thomas Cannon,1091
Bjørn Helge Riise,1092
Ryan Bertrand,1093
Matt Piper,1094
Sam Surridge,1095
Mika,1096
Darren Williams,1097
Johan Cavalli,1098
Matthew Smith,1099
Danny Murphy,1100
Kaine Hayden,1101
Marcel Sabitzer,1102
Ben Hinchliffe,1103
Keith Fahey,1104
Rees Greenwood,1105
Guido Carrillo,1106
Marco Stiepermann,1107
Harry Kewell,1108
Bjarne Goldbæk,1109
Hernán Crespo,1110
Alan Miller,1111
Gabriel Paulista,1112
Kaden Rodney,1113
Jon Macken,1114
Colin Hendry,1115
Martial Godo,1116
Matt Phillips,1117
Nedum Onuoha,1118
Owen Beck,1119
Alain Goma,1120
Boudewijn Zenden,1121
Rayan Aït Nouri,1122
Jakob Sørensen,1123
Carlos Edwards,1124
Mathieu Berson,1125
Michael Duberry,1126
Dean Gordon,1127
John O'Shea,1128
Steve Guppy,1129
Kenny Miller,1130
Mark González,1131
Junior Stanislas,1132
Steven Defour,1133
Noel Whelan,1134
Patrik Berger,1135
Lennard Sowah,1136
Didier Ibrahim Ndong,1137
Marko Grujić,1138
Frédéric Piquionne,1139
Pablo Hernández,1140
Liam Hughes,1141
Lewis Kinsella,1142
Diego Tristán,1143
Stefano Eranio,1144
Craig Cathcart,1145
Keiren Westwood,1146
Glenn Murray,1147
Erling Haaland,1148
Colin Cameron,1149
David Seaman,1150
Rico Henry,1151
Divin Mubama,1152
Baba Rahman,1153
Armel Bella Kotchap,1154
Joe Willock,1155
Mineiro,1156
David Di Michele,1157
Max Melbourne,1158
Fabrice Muamba,1159
Phil Gilchrist,1160
Paolo Di Canio,1161
Marcin Wasilewski,1162
Joe Rodon,1163
Stuart Armstrong,1164
Mark Bosnich,1165
James Vaughan,1166
Steve Cook,1167
Carlos Bocanegra,1168
Rory Delap,1169
Steven Pienaar,1170
Raul Meireles,1171
Claudio Yacob,1172
Leon Cort,1173
Ethan Pinnock,1174
Mark Kinsella,1175
Haris Vučkić,1176
Claus Jensen,1177
Mathew Birley,1178
Daniel Cordone,1179
Nabil Abidallah,1180
Gabriel Obertan,1181
Jason Steele,1182
Victor Anichebe,1183
Liam Ridgewell,1184
Richard Hughes,1185
Nick Powell,1186
Lee Bowyer,1187
Tommy Mooney,1188
Callum Connolly,1189
Jiří Skalák,1190
Cody Drameh,1191
Molla Wagué,1192
Stefan Wessels,1193
Naouirou Ahamada,1194
Jonny Maddison,1195
Danny Graham,1196
Jack Jenkins,1197
Amario Duberry,1198
Samir Carruthers,1199
Mile Sterjovski,1200
Jack O'Connell,1201
Jeremy Sarmiento,1202
Josh Vela,1203
John Fleck,1204
Andy Lonergan,1205
John Egan,1206
Shelton Martis,1207
Antwoine Hackford,1208
Carney Chukwuemeka,1209
Stan Lazaridis,1210
Georgios Samaras,1211
Ali Koiki,1212
Diego Carlos,1213
James McFadden,1214
Ferrán Torres,1215
Adam Bolder,1216
Diego Penny,1217
Jonathan Benteke,1218
Lamare Bogarde,1219
Gavin Peacock,1220
Mikel Alonso,1221
Wade Elliott,1222
Yaya Touré,1223
André Carrillo,1224
Emre Can,1225
Artim Šakiri,1226
Filip Đuričić,1227
James Mcatee,1228
Stefan Malz,1229
Manucho,1230
Djibril Sidibé,1231
Paul Onuachu,1232
Edu Gaspar,1233
Owen Hargreaves,1234
Bo Hansen,1235
Tomáš Řepka,1236
David McGoldrick,1237
Leo Fuhr Hjelde,1238
Manuel Almunia,1239
Wout Faes,1240
Cristiano Ronaldo,1241
Vasilis Lakis,1242
Michael Stewart,1243
Emmanuel Dennis,1244
Dean Saunders,1245
Josip Skoko,1246
Moses Ashikodi,1247
Antonio Rüdiger,1248
Michael McGovern,1249
Corrado Grabbi,1250
Sam Byram,1251
Lee Martin,1252
Jobi McAnuff,1253
Vito Mannone,1254
Jaden Philogene Bidace,1255
Brad Jones,1256
Dejan Stefanović,1257
Jason Shackell,1258
Patrice Evra,1259
Craig Forrest,1260
Alan Rogers,1261
Jô,1262
Serhiy Rebrov,1263
Mauro Zárate,1264
David Marshall,1265
Jordan Stewart,1266
Luke Garbutt,1267
Conor Hourihane,1268
Steven Whittaker,1269
Jon Ashton,1270
Stanislav Manolev,1271
Philippe Sandler,1272
Ron Vlaar,1273
Ashkan Dejagah,1274
Anthony Stokes,1275
Bakary Sako,1276
John Welsh,1277
Lewis Bate,1278
Pascal Struijk,1279
Carl Dickinson,1280
Albert Adomah,1281
Reece Burke,1282
Paddy McNair,1283
Ivan Klasnić,1284
Sam Woods,1285
Phil Neville,1286
Daryl Janmaat,1287
Jesuran Rak Sakyi,1288
Maxi Rodríguez,1289
Will Hughes,1290
Joe Cole,1291
Josh Feeney,1292
Lee Dixon,1293
Joël Matip,1294
Daniel Lafferty,1295
Ryan Schofield,1296
Sándor Torghelle,1297
François Grenet,1298
Benik Afobe,1299
Siem de Jong,1300
Ibrahima Sonko,1301
Damien Francis,1302
Stelios Giannakopoulos,1303
Gary Caldwell,1304
Marcos Angeleri,1305
Mathias Jørgensen,1306
Dexter Lembikisa,1307
Pablo Armero,1308
Ashley Young,1309
Kaoru Mitoma,1310
Giles Barnes,1311
Alan O'Brien,1312
Alexander Büttner,1313
Nathaniel Phillips,1314
Ivan Perišić,1315
André Bikey,1316
Alec Cleland,1317
Tim Cahill,1318
Roudolphe Douala,1319
Kepa Arrizabalaga,1320
Mathias Normann,1321
Karim El Ahmadi,1322
Leon Osman,1323
Andre Wisdom,1324
Lucas Moura,1325
Massadio Haïdara,1326
Dorus de Vries,1327
David Fox,1328
Erik Durm,1329
Emmanuel Mayuka,1330
Steven Sessegnon,1331
Will Norris,1332
Toby King,1333
Taylor Gardner-Hickman,1334
Marco van Ginkel,1335
Mazeed Ogungbo,1336
Mark Delaney,1337
Youl Mawéné,1338
Phil Jagielka,1339
Charlie Goode,1340
Svetoslav Todorov,1341
Ian Henderson,1342
Aaron Hickey,1343
Brad Friedel,1344
Diego Gavilán,1345
Zlatan Ibrahimović,1346
Winston Reid,1347
Angelo Ogbonna,1348
Dean Henderson,1349
Lovre Kalinić,1350
Bernardo Espinosa,1351
Joseph Anang,1352
Trevor Sinclair,1353
Matt Jackson,1354
Paul Scholes,1355
Dwight Gayle,1356
Hélder Costa,1357
Jemal Johnson,1358
Tyrick Mitchell,1359
Daniel Adshead,1360
Andreas Johansson,1361
Ryan Mason,1362
Hamilton Ricard,1363
Iain Turner,1364
Micah Richards,1365
Hayden Foxe,1366
Tristan Crama,1367
Les Ferdinand,1368
Marko Marin,1369
Thomas Gravesen,1370
Graziano Pellè,1371
John Scales,1372
Ørjan Nyland,1373
Elsad Zverotić,1374
Ryan Alebiousu,1375
João Gomes,1376
Mouez Hassen,1377
Jamie Shackleton,1378
Lorik Cana,1379
Adrian Mariappa,1380
Danny Higginbotham,1381
Stuart Pearce,1382
Richard Lee,1383
Goran Bunjevčević,1384
Yuri Zhirkov,1385
Theo Corbeanu,1386
Chris Iwelumo,1387
David Johnson,1388
Raphael Spiegel,1389
Diogo Dalot,1390
Zack Steffen,1391
Scott Golbourne,1392
Lewis Grabban,1393
Demarai Gray,1394
Joe Hart,1395
Gylfi Sigurðsson,1396
Mark Viduka,1397
Richard Stearman,1398
Joel Asoro,1399
Tim Iroegbunam,1400
Martin Kelly,1401
Cengiz Ünder,1402
Kamel Ghilas,1403
Djimi Traoré,1404
Nohan Kenneh,1405
Xisco,1406
Chris Perry,1407
David James,1408
Aaron Cresswell,1409
DeAndre Yedlin,1410
Aleksandar Rodić,1411
Youri Djorkaeff,1412
Andrea Orlandi,1413
Éric Roy,1414
Jeremain Lens,1415
Vegard Heggem,1416
Giulian Biancone,1417
David Beharall,1418
Jimmy Kébé,1419
Benjamin Chrisene,1420
Andy Webster,1421
Yaniv Katan,1422
Ulises de la Cruz,1423
Jamie McClen,1424
Didier Zokora,1425
David N'Gog,1426
Emanuele Giaccherini,1427
Chris Marsden,1428
Doni,1429
Claus Lundekvam,1430
Mladen Petrić,1431
Robert Molenaar,1432
Dominic Solanke,1433
Rekeem Harper,1434
Lewis Dobbin,1435
Martin Latka,1436
David Ozoh,1437
Piotr Świerczewski,1438
Emerson Hyndman,1439
Moritz Volz,1440
Conor McAleny,1441
Jonathan Douglas,1442
Ibrahima Diallo,1443
Ron-Robert Zieler,1444
Isaac Success,1445
Pau López,1446
Nabil Bentaleb,1447
Łukasz Fabiański,1448
Stuart Parnaby,1449
Matthew Spring,1450
Jack Simpson,1451
Marcel Gecov,1452
Ali Benarbia,1453
Tore André Flo,1454
Sean Goss,1455
Euzebiusz Smolarek,1456
Scott McDonald,1457
Jose Baxter,1458
Mark Crossley,1459
Scott Parker,1460
Milan Jovanović,1461
Conor Masterson,1462
Nikos Dabizas,1463
Ricardo Rocha,1464
Diego Poyet,1465
Paul Gascoigne,1466
Jason Wilcox,1467
Luke Moore,1468
Mido,1469
Kevin De Bruyne,1470
James Tomkins,1471
Rob Holding,1472
Tammy Abraham,1473
Joe Ledley,1474
Wayne Hennessey,1475
Carlos Villanueva,1476
Kieran Gibbs,1477
Nahki Wells,1478
Jason Brown,1479
Jimmy Walker,1480
Tom Lawrence,1481
Máximo Perrone,1482
Jack Cork,1483
Jay Bothroyd,1484
Glen Little,1485
André Schürrle,1486
Alexis Nicolas,1487
Christian Benítez,1488
Jefferson Montero,1489
Hannibal Mejbri,1490
Chico,1491
Wes Foderingham,1492
Antoine Sibierski,1493
Anders Svensson,1494
Greg Cunningham,1495
Abdoulaye Doucouré,1496
Dimitri Foulquier,1497
Joachim Andersen,1498
Ji Dong-won,1499
Nikola Vlašić,1500
Slaviša Jokanović,1501
Paul Gallagher,1502
Silvestre Varela,1503
Michael Ball,1504
Carlton Cole,1505
Jonathan Grounds,1506
Mohamed Diamé,1507
Larnell Cole,1508
Danny Gabbidon,1509
Henrikh Mkhitaryan,1510
David Rozehnal,1511
Joel Ward,1512
Eric Lichaj,1513
Libor Kozák,1514
Steve Lomas,1515
Jonjo Dickman,1516
Cyril Chapuis,1517
Paul Boertien,1518
Willy Caballero,1519
Jermaine Pennant,1520
Stefano Okaka,1521
Bernardo Silva,1522
George McCartney,1523
David Ospina,1524
Gaetano Berardi,1525
Nwankwo Kanu,1526
Laurent Blanc,1527
Salomón Rondón,1528
Leighton Clarkson,1529
Martin Laursen,1530
Tom Heaton,1531
Leonardo Campana,1532
Mark Hughes,1533
Rohan Ricketts,1534
Jordan Cook,1535
Alex Pearce,1536
Marek Rodák,1537
Stéphane Dalmat,1538
Matt Mills,1539
Peter Whittingham,1540
Simon Vukčević,1541
Samir Nasri,1542
Valéry Mézague,1543
Liam McCarron,1544
Junior Firpo,1545
Martin Ødegaard,1546
Juninho Bacuna,1547
Bruno Jordão,1548
Igor Bišćan,1549
Juan Cuadrado,1550
Sol Bamba,1551
Lukas Podolski,1552
Fabián Balbuena,1553
Marlon Beresford,1554
David Wright,1555
Josh Robson,1556
Clarence Acuña,1557
Phil Stamp,1558
Sam Greenwood,1559
Sam Hughes,1560
Chris Wood,1561
Harvey Elliott,1562
Fousseni Diabaté,1563
Elliott Moore,1564
Islam Slimani,1565
Szilárd Németh,1566
Stefan Parkes,1567
Gianluca Festa,1568
Son Heung-min,1569
Samuel Braybrooke,1570
Terence Kongolo,1571
Sean Gregan,1572
Jim Brennan,1573
Ivan Toney,1574
Sean Morrison,1575
Mason Holgate,1576
Liam Gibbs,1577
Marten de Roon,1578
Tony Cottee,1579
Zdeněk Grygera,1580
Dwight Yorke,1581
Paul Brooker,1582
Arnaut Danjuma,1583
Martin Pringle,1584
Luciano Vietto,1585
Matty Daly,1586
Horacio Carbonari,1587
Álvaro Morata,1588
Stuart O'Keefe,1589
Kader Mangane,1590
Marek Matějovský,1591
Richard Kingson,1592
Paulo da Silva,1593
Vince Grella,1594
André Ooijer,1595
Felipe Anderson,1596
Stefan Maierhofer,1597
Cauley Woodrow,1598
Titus Bramble,1599
Robbie Fowler,1600
Matt Jansen,1601
Lloyd Dyer,1602
Paul Merson,1603
Antoine Semenyo,1604
Liam Shephard,1605
Gavin Bazunu,1606
Harald Wapenaar,1607
Gary Hooper,1608
Sead Kolašinac,1609
Zak Brunt,1610
Stephen Quinn,1611
Lyanco,1612
Matt Duke,1613
Steve Kabba,1614
Geremi,1615
Greg Halford,1616
Mbaye Diagne,1617
Richarlison,1618
Ola Toivonen,1619
Amr Zaki,1620
Dame N'Doye,1621
Jarosław Jach,1622
Cole Palmer,1623
Wojciech Szczęsny,1624
Dara Costelloe,1625
Nuno Tavares,1626
Jonas Olsson,1627
Sergei Kornilenko,1628
Cameron Dummigan,1629
Nicolas Anelka,1630
Michael Tarnat,1631
Matheus Cunha,1632
Trevor Benjamin,1633
John Salako,1634
Nathan Trott,1635
Deniz Undav,1636
Luke Chambers,1637
Willem Korsten,1638
Steve Brown,1639
Kasey Keller,1640
Danny Wilson,1641
Alex Pritchard,1642
Levi Lumeka,1643
Alan Maybury,1644
Pascal Chimbonda,1645
Tim Flowers,1646
David Healy,1647
Lukas Jensen,1648
Ross Wallace,1649
Erik Meijer,1650
Laurent Charvet,1651
Steven Hewitt,1652
Neil Mellor,1653
Nayef Aguerd,1654
Jay Stansfield,1655
Ralf Fährmann,1656
David Meyler,1657
Patson Daka,1658
Ibrahima Konaté,1659
Grzegorz Krychowiak,1660
Ben Alnwick,1661
Kasey McAteer,1662
Nigel Winterburn,1663
Oliver Burke,1664
Florent Laville,1665
Paul Devlin,1666
Raúl Jiménez,1667
John Arne Riise,1668
Eduardo da Silva,1669
Cosmin Contra,1670
Jason Scotland,1671
Conor Coventry,1672
Robin Olsen,1673
Isaac Okoronkwo,1674
Simeon Jackson,1675
Jonathan Calleri,1676
Kevin Nolan,1677
Oliver McBurnie,1678
Phil Babb,1679
Kyle Taylor,1680
Mat Sadler,1681
Lars Bohinen,1682
Odion Ighalo,1683
Albian Ajeti,1684
Harvey Vale,1685
Nigel Martyn,1686
Andrejs Štolcers,1687
Owen Otasowie,1688
Thievy Bifouma,1689
Darren Purse,1690
Peter Atherton,1691
Bradley Johnson,1692
Jesé,1693
James Chester,1694
Ricardo Pereira,1695
Clint Dempsey,1696
Callum Wilson,1697
David Thompson,1698
Jo Tessem,1699
Michael DaCosta,1700
Darren Carter,1701
Jon Stevenson,1702
Ricardo Quaresma,1703
Adam Henley,1704
Wayne Brown,1705
Jody Morris,1706
Darius Henderson,1707
Shaun Newton,1708
Stiliyan Petrov,1709
Florent Hadergjonaj,1710
Joe Wormleighton,1711
Moses Makasi,1712
Antti Niemi,1713
Magaye Gueye,1714
James Scowcroft,1715
Emiliano Marcondes,1716
Sead Haksabanović,1717
Tom Huddlestone,1718
Craig Dawson,1719
Steve Marlet,1720
Ryan Jarvis,1721
Che Adams,1722
Lee Tomlin,1723
Danny Hay,1724
Andy Reid,1725
José Pozo,1726
Magnus Hedman,1727
Ryan McGivern,1728
Morgan Sanson,1729
Lloyd Isgrove,1730
James Rodríguez,1731
Davide Zappacosta,1732
Craig Noone,1733
Zach Awe,1734
José Campaña,1735
Hannu Tihinen,1736
Elano,1737
Hassan Yebda,1738
Youssef Chippo,1739
Alessandro Diamanti,1740
Ainsley Maitland-Niles,1741
Modibo Diakité,1742
Boubacar Traoré,1743
Víctor Camarasa,1744
Didier Drogba,1745
Florian Thauvin,1746
Olufela Olomola,1747
Luke Wilkshire,1748
Gerhard Tremmel,1749
Eric García,1750
Stephan Andersen,1751
Eirik Bakke,1752
Mark Summerbell,1753
Brian O'Neil,1754
Bülent Akın,1755
Ravel Morrison,1756
Greg Olley,1757
Thomas Butler,1758
Odeluga Offiah,1759
Yossi Benayoun,1760
Asier del Horno,1761
Alexander Kačaniklić,1762
Vladimír Weiss,1763
Emilio Nsue,1764
Malcolm Ebiowei,1765
Guillermo Franco,1766
Joleon Lescott,1767
José Enrique,1768
Danny Welbeck,1769
Ryan Yates,1770
Luke Freeman,1771
Kit Symons,1772
Jonathan Franks,1773
Geoff Horsfield,1774
Brett Holman,1775
Jhon Durán,1776
Jindřich Staněk,1777
George Dobson,1778
Jamal Blackman,1779
Francisco Trincão,1780
Lewis Cook,1781
Diego Llorente,1782
Darren Kenton,1783
Angus Gunn,1784
Lazar Marković,1785
Michael Mancienne,1786
David Vaughan,1787
Colin Doyle,1788
Gianfranco Zola,1789
Michael Carrick,1790
Grant Holt,1791
Stefan Ortega,1792
Paul Williams,1793
William Gallas,1794
Moisés Caicedo,1795
Levi Colwill,1796
Nikola Tavares,1797
Luke Croll,1798
Graeme Le Saux,1799
Hamza Choudhury,1800
Christian Wilhelmsson,1801
Arthur Okonkwo,1802
Jordan Bowery,1803
Vincent Janssen,1804
Lewis Payne,1805
Max Aarons,1806
Paul Pogba,1807
Adam Smith,1808
Denis Zakaria,1809
Lionel Scaloni,1810
Jonjoe Kenny,1811
Jonathan Woodgate,1812
Sammy Ameobi,1813
Radamel Falcao,1814
Yerson Mosquera,1815
Pedro Porro,1816
Alex Palmer,1817
Ben Wynter,1818
Mesut Özil,1819
Callum Davidson,1820
Carlos Marinelli,1821
Ethan Robson,1822
Marc Leonard,1823
Dionatan Teixeira,1824
Renato Sanches,1825
Zvonimir Vukić,1826
Juan Iturbe,1827
Anthony Réveillère,1828
Jack Rodwell,1829
Tony McMahon,1830
Domingos Quina,1831
Kenny McLean,1832
Anders Lindegaard,1833
Bryan,1834
Eoin Jess,1835
Jason Dodd,1836
Cheikh Sidya Diaby,1837
Roy O'Donovan,1838
Will Atkinson,1839
Nicklas Helenius,1840
Kwadwo Baah,1841
Kerim Frei,1842
Jared Borgetti,1843
Michael Oakes,1844
Christian Atsu,1845
Frankie Sutherland,1846
Jermaine Wright,1847
Neil Kilkenny,1848
Graham Stuart,1849
Joe Murphy,1850
Matty Cash,1851
Christian Pulisic,1852
Sander Westerveld,1853
Zak Swanson,1854
Niall Huggins,1855
Rodrigo,1856
Greg Shields,1857
Stephen Jordan,1858
David de Gea,1859
Juan Foyth,1860
Cafú,1861
Stern John,1862
Jay Fulton,1863
Sven Botman,1864
Facundo Buonanotte,1865
Benito Carbone,1866
Mark Davies,1867
Teemu Tainio,1868
DaMarcus Beasley,1869
Daniel Ayala,1870
Taylor Richards,1871
Dan Burn,1872
Simon Johnson,1873
Mario Lemina,1874
Mike van der Hoorn,1875
Marc Tierney,1876
Nya Kirby,1877
Matěj Vydra,1878
Rafael Camacho,1879
João Pedro,1880
Jonny Evans,1881
Tyrone Mears,1882
Philippe Christanval,1883
Jeff Smith,1884
Kevin Mirallas,1885
Sandro Ramírez,1886
Aliou Cissé,1887
Matija Nastasić,1888
John Ruddy,1889
George Friend,1890
Roberto Di Matteo,1891
Rade Prica,1892
Nathaniel Chalobah,1893
Ádám Bogdán,1894
Henrik Pedersen,1895
Allan,1896
Tyler Morton,1897
Anthony Le Tallec,1898
Alexandre Pato,1899
Ívar Ingimarsson,1900
Bobby Clark,1901
Nathan Bishop,1902
Mateusz Klich,1903
Stephen Hendrie,1904
Daniel Agger,1905
El Hadji Diouf,1906
Ashley Ward,1907
Nigel de Jong,1908
Paul Jones,1909
Yohan Cabaye,1910
Marcel Lavinier,1911
Ramiro Funes Mori,1912
Stuart McCall,1913
Paul Huntington,1914
Malcolm Christie,1915
Oliver Skipp,1916
Josip Drmić,1917
Ryan Garry,1918
Joey Guðjónsson,1919
Oguchi Onyewu,1920
Scott McKenna,1921
Wes Morgan,1922
Darko Gyabi,1923
Loïc Damour,1924
Garry Flitcroft,1925
Simon Davies,1926
Robert Milsom,1927
Sixto Peralta,1928
Virgil van Dijk,1929
Rati Aleksidze,1930
Ezequiel Schelotto,1931
Kevin Gibbens,1932
Mauricio Isla,1933
Tokelo Rantie,1934
Stefan Postma,1935
Luke McGee,1936
Seb Hines,1937
Simon Cox,1938
Joe Daniel Tupper,1939
Charlie Cresswell,1940
Steven Reid,1941
Mbulelo Mabizela,1942
Yasin Ayari,1943
Kyle Scott,1944
Jason Lowe,1945
Youri Tielemans,1946
Noni Madueke,1947
Jamie Murphy,1948
Reto Ziegler,1949
Layvin Kurzawa,1950
Egil Østenstad,1951
José Manuel Jurado,1952
Raimond van der Gouw,1953
Derek Boateng,1954
Vincent Angelini,1955
Doneil Henry,1956
Peter Schmeichel,1957
David Nugent,1958
Alton Thelwell,1959
Louis Saha,1960
Emanuel Villa,1961
Juan Carlos Paredes,1962
Harvey White,1963
Angel Gomes,1964
Nathan Young-Coombes,1965
Jamar Loza,1966
Álvaro Fernández,1967
Valon Behrami,1968
Will Buckley,1969
David Beckham,1970
David Batty,1971
Philip Heise,1972
Laurent Courtois,1973
Stephen Crainey,1974
Lee Chung-yong,1975
Dimitrios Konstantopoulos,1976
Ronnie Wallwork,1977
Phil Jevons,1978
Younès Kaboul,1979
John Obi Mikel,1980
Andrew Barrowman,1981
Keith O'Neill,1982
Daniel Carriço,1983
Li Weifeng,1984
Gary Neville,1985
Alan Kelly Jr.,1986
Ivan Cavaleiro,1987
Jeremie Boga,1988
Luis García,1989
Nico Vaesen,1990
Lamine Koné,1991
Timothy Eyoma,1992
Andrey Arshavin,1993
David Luiz,1994
Kazaiah Sterling,1995
Lukas Nmecha,1996
Taribo West,1997
José Kléberson,1998
Demetri Mitchell,1999
Bashir Humphreys,2000
Gary Gardner,2001
Craig Gardner,2002
Kim Källström,2003
Cristian Romero,2004
Darren Holloway,2005
Gary Breen,2006
Elias Kachunga,2007
Martin Andresen,2008
Chris Powell,2009
Bob Taylor,2010
Tamás Priskin,2011
Ben Hutchinson,2012
Wayne Jacobs,2013
James Horsfield,2014
Vitaly Janelt,2015
Jamie Lawrence,2016
Dennis Wise,2017
Kieran O'Hara,2018
Anthony McNamee,2019
Patrick Bamford,2020
Salomon Olembé,2021
Ian Pearce,2022
Paddy McCarthy,2023
Kevin Long,2024
Adrien Silva,2025
Modibo Maïga,2026
Kenneth Zohore,2027
Tyler Roberts,2028
Remi Matthews,2029
Paul McVeigh,2030
Kjell Scherpen,2031
Quinton Fortune,2032
Matt Gilks,2033
Roy Keane,2034
Calum Willock,2035
David Cotterill,2036
Kevin Doyle,2037
Chris Basham,2038
Allan McGregor,2039
Alfie Mawson,2040
Callum Hudson-Odoi,2041
Saman Ghoddos,2042
Jack Wells-Morrison,2043
Manuel Fernandes,2044
Almen Abdi,2045
Sun Jihai,2046
James Harper,2047
Keylor Navas,2048
Amdy Faye,2049
Julio Arca,2050
Martin Djetou,2051
Steve Banks,2052
Yakubu Aiyegbeni,2053
Ross Barkley,2054
Issa Diop,2055
Luke Chadwick,2056
Charlie Adam,2057
Mike Pollitt,2058
Chris Lucketti,2059
Erik Nevland,2060
Bernard Mendy,2061
Lucas Leiva,2062
Ben Roberts,2063
Niki Mäenpää,2064
Nicky Butt,2065
Adama Diomande,2066
Mario Vrančić,2067
John Terry,2068
Grégory Vignal,2069
Willian José,2070
Aaron Mooy,2071
Valeri Bojinov,2072
Luke Plange,2073
Owen Goodman,2074
Roberto Mancini,2075
Dominic Gape,2076
Paul Warhurst,2077
Hossam Ghaly,2078
Bernard,2079
Ibrahim Amadou,2080
Christian Poulsen,2081
Philipp Degen,2082
Rob Elliot,2083
Tomer Hemed,2084
Martin Woods,2085
Fábio Silva,2086
Massimo Maccarone,2087
James Sinclair,2088
Idan Tal,2089
Brahim Díaz,2090
Lloyd Sam,2091
Christian Nørgaard,2092
Andriy Yarmolenko,2093
Callum McManaman,2094
Emerson Palmieri,2095
Trond Egil Soltvedt,2096
Hermann Hreiðarsson,2097
Shane Long,2098
Jetro Willems,2099
Adam Reach,2100
Teddy Sheringham,2101
Alex Kirk,2102
Juliano Belletti,2103
Kevin Kyle,2104
Steven Naismith,2105
Jake Cain,2106
Richie Ryan,2107
César Martín,2108
Eberechi Eze,2109
Charlie Taylor,2110
Cristian Ceballos,2111
Jimmy Floyd Hasselbaink,2112
Nathan Fraser,2113
Nicky Shorey,2114
Ademola Lookman,2115
Daniel Van Buyten,2116
Kyle Walker,2117
Steffen Freund,2118
Salif Diao,2119
Danny Pugh,2120
Tommy Smith,2121
Marc-Vivien Foé,2122
Andre-Frank Zambo Anguissa,2123
John Robinson,2124
Barry Hayles,2125
Neil Taylor,2126
Mikkel Bischoff,2127
Gunnar Nielsen,2128
Cuco Martina,2129
Pablo Maffeo,2130
Tyreece John-Jules,2131
Paul McShane,2132
Robinho,2133
Gary Teale,2134
Álvaro Negredo,2135
Remie Streete,2136
Curtis Woodhouse,2137
Nathaniel Mendez-Laing,2138
Gary Kelly,2139
Gilles Grimandi,2140
Andy Keogh,2141
Luciano Zavagno,2142
Claudio Reyna,2143
Andy Dawson,2144
Gareth McAuley,2145
Steven Nzonzi,2146
Jordão,2147
Andrés D'Alessandro,2148
Ethan Ampadu,2149
Mark Gillespie,2150
Fábio Rochemback,2151
Matt Derbyshire,2152
Fernando Amorebieta,2153
Ryan John Giles,2154
Malang Sarr,2155
Nuno Morais,2156
Nathan Ferguson,2157
Takehiro Tomiyasu,2158
Sofiane Boufal,2159
Winston Bogarde,2160
Yordi,2161
Maicon Sisenando,2162
Ben Watson,2163
Sidnei Tavares,2164
Robin Koch,2165
Harry Toffolo,2166
Sergi Canós,2167
Steve Watson,2168
Moussa Dembélé,2169
Harry Winks,2170
Andy Melville,2171
Memphis,2172
Harry Lewis,2173
Jeremiah Chilokoa-Mullen,2174
Jem Karacan,2175
Alejandro Faurlín,2176
Nolito,2177
Eliaquim Mangala,2178
Abdelhamid Sabiri,2179
Radoslav Kováč,2180
Jeff Kenna,2181
Tom Craddock,2182
Robert Street,2183
Jan Vennegoor of Hesselink,2184
Vicente Guaita,2185
Wayne Bridge,2186
Jimmy Dunne,2187
Jordan Thomas,2188
Gabby Agbonlahor,2189
Per Mertesacker,2190
Andriy Voronin,2191
Riga Mustapha,2192
Brynjar Gunnarsson,2193
Bernardo Costa Da Rosa,2194
Davide Santon,2195
Ben Amos,2196
Leroy Lita,2197
Tomasz Kuszczak,2198
Dave McEwen,2199
Fernando Llorente,2200
Ajibola Alese,2201
Lewin Nyatanga,2202
Alejandro Garnacho,2203
Leon Balogun,2204
Aaron Ramsdale,2205
Adrian Blake,2206
Ozan Kabak,2207
Fredi Bobic,2208
David Martin,2209
Daryl Murphy,2210
Scott Banks,2211
Alfie Whiteman,2212
Darwin Núñez,2213
Miguel Almirón,2214
Petr Čech,2215
Pablo Barrera,2216
Jamie Vardy,2217
Fernando Guerrero,2218
Bjørn Otto Bragstad,2219
Mario Suárez,2220
Ben Greenwood,2221
Keith Gillespie,2222
David Weir,2223
Daniel Sturridge,2224
Collins Mbesuma,2225
Andrew Omobamidele,2226
Dani Osvaldo,2227
Miloš Veljković,2228
Ola Aina,2229
Pierre Ekwah Elimby,2230
Joe Allen,2231
David Unsworth,2232
Kagisho Dikgacoi,2233
Aaron Wilbraham,2234
Erdal Rakip,2235
José Bosingwa,2236
Tanguy Ndombele,2237
Jordan Smith,2238
Anthony Gordon,2239
Maxime Le Marchand,2240
Faustino Anjorin,2241
Richard Edghill,2242
Moise Kean,2243
Calum Davenport,2244
Georgi Kinkladze,2245
Renan Lodi,2246
Igor Bališ,2247
Heiðar Helguson,2248
Ade Akinbiyi,2249
Jay Rodriguez,2250
Abdul Razak,2251
Bersant Celina,2252
James Ward-Prowse,2253
Javi Moreno,2254
Stephen Kingsley,2255
Romaine Sawyers,2256
James Milner,2257
Jake Gray,2258
Martin Samuelsen,2259
Conor Gallagher,2260
Leif Davis,2261
Chris Eagles,2262
Dan Potts,2263
Shinji Okazaki,2264
Lee Young-pyo,2265
João Mário,2266
Charly Musonda Jr.,2267
Angelos Basinas,2268
Tudor Băluță,2269
Bradley Orr,2270
Fernando,2271
Bernt Haas,2272
Elvis Hammond,2273
Rufus Brevett,2274
Stewart Downing,2275
Peter Canero,2276
Cristian Gamboa,2277
Datro Fofana,2278
Jason Davidson,2279
Ben Davies,2280
Leigh Bromby,2281
Shandon Baptiste,2282
Jannik Vestergaard,2283
Vangelis Moras,2284
Jazz Richards,2285
Diogo Monteiro,2286
Per Frandsen,2287
Darren Randolph,2288
Vurnon Anita,2289
James Collins,2290
Francis Coquelin,2291
Ramadan Sobhi,2292
James Hill,2293
Aaron McLean,2294
Nicolás Otamendi,2295
Florent Malouda,2296
Lynden Gooch,2297
Vontae Daley Campbell,2298
Andy Todd,2299
Fábio,2300
Éder,2301
Ross Turnbull,2302
Salomon Kalou,2303
Brett Emerton,2304
Dominic Matteo,2305
Kelvin Davis,2306
Alex Smith,2307
Sander Berge,2308
Jon Gorenc Stanković,2309
Gary Cahill,2310
Steve Howey,2311
Mikaël Silvestre,2312
Eric Bailly,2313
Gary Taylor-Fletcher,2314
Enner Valencia,2315
Grant Leadbitter,2316
Joselu,2317
John Aloisi,2318
Pegguy Arphexad,2319
Jozy Altidore,2320
Vadis Odjidja-Ofoe,2321
Jussi Jääskeläinen,2322
Jordan Williams,2323
Luke Harris,2324
Conor Coady,2325
Adil Nabi,2326
Nathan Blake,2327
Alexander Tettey,2328
Dimitri Payet,2329
Diego Cavalieri,2330
Sébastien Haller,2331
Sylvain Marveaux,2332
Josh Murphy,2333
Declan Rudd,2334
Ángel Di María,2335
Mikel Merino,2336
Boaz Myhill,2337
Bruno Perone,2338
Jordan Pickford,2339
Morgan Gibbs-White,2340
Christian Saydee,2341
Chris Richards,2342
Stephen Bywater,2343
Gus Poyet,2344
Ifeanyi Udeze,2345
David Raven,2346
Rodrigo Bentancur,2347
Ben Godfrey,2348
Kepa Blanco,2349
Mohamed Elyounoussi,2350
Loïc Bade,2351
Frank Lampard,2352
Sylvain Distin,2353
Tom Thorpe,2354
Hugo Rodallega,2355
Carlos Tevez,2356
Kyle Knoyle,2357
Steve Simonsen,2358
Daniel Chesters,2359
Gabriele Angella,2360
Mauricio Taricco,2361
Bali Mumba,2362
Gary Naysmith,2363
Lewis Warrington,2364
Connor Wickham,2365
John Swift,2366
John Carew,2367
Don Hutchison,2368
Deco,2369
Stéphane Sessègnon,2370
Tawanda Maswanhise,2371
Tyler Onyango,2372
Dan Gosling,2373
Pierluigi Gollini,2374
Josh Clackstone,2375
Teemu Pukki,2376
Meritan Shabani,2377
Tope Obadeyi,2378
Lorenzo Amoruso,2379
Ismaila Sarr,2380
Björn Engels,2381
Trézéguet,2382
Michael Kightly,2383
Marc-Antoine Fortuné,2384
Mark Schwarzer,2385
Harry Kane,2386
Martín Montoya,2387
Samuel Kalu,2388
Ibrahim Ba,2389
Richard Wright,2390
Jaap Stam,2391
Uwe Hünemeier,2392
Jarosław Fojut,2393
Ragnar Klavan,2394
Clinton N'Jie,2395
Michael Hector,2396
James Hurst,2397
Patrick van Aanholt,2398
Filip Krovinović,2399
Caoimhín Kelleher,2400
Ole Gunnar Solskjær,2401
Ander Herrera,2402
Jack Stephens,2403
Juan Sebastián Verón,2404
Bryan Hughes,2405
Jakub Ojrzynski,2406
Rúben Dias,2407
Michael Harriman,2408
Alexandre Lacazette,2409
Bobby Petta,2410
Harry Souttar,2411
Denílson,2412
Lilian Laslandes,2413
Andy Oakes,2414
Grady Diangana,2415
David Button,2416
Liam Bridcutt,2417
Imants Bleidelis,2418
Joe Gomez,2419
Sheyi Ojo,2420
Stan Collymore,2421
Daniel Barlaser,2422
Alan Blayney,2423
Thiago Alcántara,2424
Ramon Vega,2425
Shabani Nonda,2426
Pedro,2427
Shinji Kagawa,2428
Richard Dunne,2429
Jérôme Boateng,2430
Karl Darlow,2431
Abou Diaby,2432
Elliot Lee,2433
Mads Roerslev,2434
Gökhan Inler,2435
Chris Sutton,2436
Zoumana Camara,2437
Shaka Hislop,2438
Mohamed Salah,2439
Kevin McNaughton,2440
Steven Fletcher,2441
Johnnie Jackson,2442
David May,2443
Sylvinho,2444
Joe Worrall,2445
Ricardo,2446
Nathan Ellington,2447
Curtis Fleming,2448
Ben Johnson,2449
Marc Cucurella,2450
Jake Hesketh,2451
Sokratis Papastathopoulos,2452
Aidan Davison,2453
Kevin Ellison,2454
Radostin Kishishev,2455
Chris Makin,2456
Adam Federici,2457
Grétar Steinsson,2458
Gerard Deulofeu,2459
Érik Lamela,2460
Neil Shipperley,2461
Joel Campbell,2462
Tony Popovic,2463
Delroy Facey,2464
Gary Walsh,2465
Adam Drury,2466
Jack Collison,2467
Ferdinand Coly,2468
Rolando Aarons,2469
Daniel Podence,2470
Steve Elliott,2471
Toni Martínez,2472
Joël Veltman,2473
Hatem Trabelsi,2474
Ian Ashbee,2475
Jayden Bogle,2476
Karim Rekik,2477
Kiko Femenía,2478
Percy Tau,2479
Mikele Leigertwood,2480
Franck Tabanou,2481
Dean Kiely,2482
Sergio Agüero,2483
Jason Denayer,2484
Marco Ambrosio,2485
Georges-Kévin N'Koudou,2486
Christian Benteke,2487
Yacouba Sylla,2488
Jean Makoun,2489
Roman Bednář,2490
Fernando Marçal,2491
Franck Songo'o,2492
Theo Walcott,2493
Morgan Schneiderlin,2494
James Morrison,2495
Roberto Soldado,2496
Ryan Finnigan,2497
Keith Andrews,2498
Lauren,2499
Jimmy Smith,2500
Adam Campbell,2501
Morgan Amalfitano,2502
Josh Onomah,2503
Robbie Elliott,2504
Çağlar Söyüncü,2505
Felix Kalu Nmecha,2506
Kiko Casilla,2507
Ben White,2508
Carlos Sánchez,2509
Anthony Knockaert,2510
Dani Ceballos,2511
Paul Okon,2512
Míchel,2513
Marcus Hall,2514
Dango Ouattara,2515
Junichi Inamoto,2516
Cheikhou Kouyaté,2517
Jan Kromkamp,2518
Graham Dorrans,2519
Dedryck Boyata,2520
Josh Vickers,2521
Kasper Schmeichel,2522
Sofiane Feghouli,2523
Omar Elabdellaoui,2524
Collin Quaner,2525
James Chambers,2526
Rob Kozluk,2527
Ahmed Musa,2528
Alex Rae,2529
Clinton Morrison,2530
Lucas De Bolle,2531
Andy Impey,2532
Liam Moore,2533
Darren Huckerby,2534
Matthew Lowton,2535
Patrice Carteron,2536
Arouna Koné,2537
Troy Deeney,2538
Beni Baningime,2539
Kim Do-heon,2540
Neil McCann,2541
James Daly,2542
Anthony Martial,2543
Jérémie Aliadière,2544
Leon Barnett,2545
Graham Alexander,2546
Adam Legzdins,2547
Gary Croft,2548
William Troost-Ekong,2549
Danilo,2550
James Weir,2551
Guðni Bergsson,2552
Leroy Sané,2553
Demeaco Duhaney,2554
Benoît Assou-Ekotto,2555
Andrea Ranocchia,2556
Neco Williams,2557
Aiden McGeady,2558
Dara O'Shea,2559
Shaun Byrne,2560
Lewis Brunt,2561
Patrick Agyemang,2562
Matthew Bates,2563
Glen Johnson,2564
Jay O'Shea,2565
Douglas Rinaldi,2566
Michael Hefele,2567
Thierry Small,2568
Marcos Senesi,2569
Jan Vertonghen,2570
Peter Crouch,2571
Lee Carsley,2572
Mihai Dobre,2573
Johann Smith,2574
John McGrath,2575
Anderson Silva,2576
Jordi Gómez,2577
Gary Doherty,2578
Tony Vidmar,2579
Matthew Etherington,2580
Bruno Andrade,2581
Adrián,2582
Onel Hernández,2583
Ricardo Fuller,2584
Matías Viña,2585
Kelland Watts,2586
Steve Sidwell,2587
Scott Malone,2588
Timothy Castagne,2589
Ashley Fletcher,2590
Richard Naylor,2591
Lee Cattermole,2592
Christopher Schindler,2593
Dušan Kuciak,2594
Xherdan Shaqiri,2595
Ahmed Hegazi,2596
Josh Payne,2597
Kevin Kilbane,2598
Emile Heskey,2599
Ian Carlo Poveda,2600
Filipe Teixeira,2601
Andy Gray,2602
Michael Turner,2603
Wahbi Khazri,2604
Stephen Henderson,2605
Grant Hanley,2606
Nathan Aké,2607
Alex Smithies,2608
Kamil Conteh,2609
Michael Ricketts,2610
Gerard Wiekens,2611
Joseph Yobo,2612
Mipo Odubeko,2613
Michael Doughty,2614
Víctor Ibarbo,2615
Rolando Bianchi,2616
Jonás Gutiérrez,2617
Andy O'Brien,2618
Granit Xhaka,2619
Adam Armstrong,2620
Nacho Monreal,2621
Uwe Rösler,2622
Alex Bruce,2623
Duncan Ferguson,2624
Amaury Bischoff,2625
Marc Navarro,2626
Tom James,2627
Marvin Sordell,2628
Pascal Groß,2629
Pablo Fornals,2630
Pontus Jansson,2631
Josh McEachran,2632
Ákos Buzsáky,2633
Modou Barrow,2634
Anthony Gardner,2635
Emmanuel Eboué,2636
Thomas Strakosha,2637
Robert Pirès,2638
Antonio Núñez,2639
Bob Malcolm,2640
Shay Logan,2641
Maarten Stekelenburg,2642
Eyal Berkovic,2643
Manuel da Costa,2644
Antony,2645
Steve Potts,2646
Michael Verrips,2647
Matt Macey,2648
Étienne Capoue,2649
Kyron Gordon,2650
Cheick Doucouré,2651
Zak Whitbread,2652
Bruno Berner,2653
Danny Drinkwater,2654
Joe Powell,2655
Mislav Oršić,2656
Craig Fleming,2657
Zoran Tošić,2658
Mapou Yanga-Mbiwa,2659
Darren Ward,2660
Jack Grealish,2661
Jamaal Lascelles,2662
Divock Origi,2663
Jonas Lössl,2664
Darren Powell,2665
Valentin Roberge,2666
Myles Peart-Harris,2667
Mateusz Hewelt,2668
Florin Gardoș,2669
Mahamadou Diarra,2670
Papa Bouba Diop,2671
Goran Popov,2672
Eric Djemba-Djemba,2673
Vlad Chiricheș,2674
Harry Wilson,2675
Thiago Silva,2676
Matthew Craig,2677
Matt Heath,2678
Mohamed Elneny,2679
Tomáš Kalas,2680
Bafétimbi Gomis,2681
Fabio Daprelà,2682
Kevin Mbabu,2683
Solly March,2684
Ruud van Nistelrooy,2685
Isaiah Osbourne,2686
Liam Fontaine,2687
Gareth Southgate,2688
Phil Foden,2689
Viktor Fischer,2690
Daniel Bentley,2691
Lee Grant,2692
Gabriel Heinze,2693
Samuel Edozie,2694
Nick Montgomery,2695
Mats Møller Dæhli,2696
Obbi Oulare,2697
Jamie Ashdown,2698
Carl Tiler,2699
Michael Reddy,2700
Oleh Luzhny,2701
Thanawat Suengchitthawon,2702
Andy Carroll,2703
Boris Živković,2704
Tom Edwards,2705
Ragnvald Soma,2706
Martín Demichelis,2707
Cabral,2708
Loïc Rémy,2709
Femi Seriki,2710
Mohamed Gedo,2711
Mario Stanić,2712
Jay Emmanuel-Thomas,2713
Jake Kean,2714
Gavin McCann,2715
Hendry Thomas,2716
John Mensah,2717
Hakim Ziyech,2718
Romaine Mundle,2719
Jesper Blomqvist,2720
Bacary Sagna,2721
Lamine Diatta,2722
Riccardo Scimeca,2723
Josh Walker,2724
Davor Šuker,2725
Robbie Brady,2726
Jordy Clasie,2727
Cristhian Stuani,2728
Shaun Cummings,2729
Ben Woodburn,2730
Brian Murphy,2731
Warren Barton,2732
Kristian Sekularac,2733
Steed Malbranque,2734
Marcus Bent,2735
Martyn Waghorn,2736
Hugo Lloris,2737
Marvin Robinson,2738
Alan Smith,2739
David Cornell,2740
Marek Čech,2741
Tommi O'Reilly,2742
David Edgar,2743
Matthew Cox,2744
Rhys Bennett,2745
Yoshinori Mutō,2746
Obafemi Martins,2747
Pape Souaré,2748
Esteban Granero,2749
Giuseppe Rossi,2750
Sami Hyypiä,2751
Tomasz Radzinski,2752
Petri Pasanen,2753
Tyler Adams,2754
Darron Gibson,2755
Jason McCarthy,2756
Maximilian Wöber,2757
Martin Keown,2758
Olof Mellberg,2759
Alisson,2760
John Guidetti,2761
Rúben Neves,2762
James Tavernier,2763
Tosin Adarabioyo,2764
Laurent Robert,2765
José Antonio Reyes,2766
Joe Riley,2767
Marcos Alonso,2768
Kevin Wimmer,2769
Stuart Dallas,2770
Federico Macheda,2771
Ryan Nelsen,2772
Richairo Živković,2773
Hassan Kachloul,2774
Cédric Roussel,2775
Khalid Boulahrouz,2776
Lee Dong-gook,2777
Cameron Lancaster,2778
Shane Duffy,2779
John Eustace,2780
Ben Gibson,2781
Park Ji-sung,2782
Tom Cleverley,2783
Marcus Hahnemann,2784
Dickson Etuhu,2785
Ilan,2786
Zesh Rehman,2787
Ryan Fredericks,2788
Tuncay Şanlı,2789
Billy Gilmour,2790
Segundo Castillo,2791
Asamoah Gyan,2792
Khanya Leshabela,2793
Terry Ablade,2794
Josh Morris,2795
Simone Zaza,2796
Anthony Elanga,2797
Lewis Holtby,2798
Julian Joachim,2799
Dan Smith,2800
Rafael Schmitz,2801
Steven Watt,2802
Jake Clarke-Salter,2803
Héctor Bellerín,2804
Paul Kitson,2805
Ian Harte,2806
Jamie McMaster,2807
Richard Duffy,2808
Dave Kitson,2809
Ahmed Fathy,2810
Christian Fuchs,2811
Thomas Helveg,2812
Jeffrey Schlupp,2813
Ryan Fulton,2814
Tony Springett,2815
Kadan Young,2816
Zoltán Gera,2817
Matt Hill,2818
Baily Cargill,2819
Gavin Kilkenny,2820
Matt Jarvis,2821
Timothée Atouba,2822
Kieran Tierney,2823
Gavin Mahon,2824
Jordan Henderson,2825
Richard Eckersley,2826
Kostas Mitroglou,2827
Nile Ranger,2828
Louis Moult,2829
Alen Bokšić,2830
William Thomas Fish,2831
Gunnar Halle,2832
Arjen Robben,2833
Clint Hill,2834
Kai Havertz,2835
Adalberto Peñaranda,2836
Maxwel Cornet,2837
Matt Ritchie,2838
Jordan Lyden,2839
Andy Marshall,2840
Will Dennis,2841
Kristofer Hæstad,2842
Luis Suárez,2843
Chris Riggott,2844
Jakub Moder,2845
Sol Campbell,2846
Kevin Harper,2847
Rayhaan Tulloch,2848
Sylvester Jasper,2849
Frederik Ibsen,2850
Jay Spearing,2851
Gonzalo Jara,2852
Reece Wabara,2853
Nick Chadwick,2854
Federico Bessone,2855
Jamie Clapham,2856
Thibaut Courtois,2857
Ľubomír Šatka,2858
Luciano Narsingh,2859
Jon Rowe,2860
Ibrahima Cissé,2861
Emmanuel Frimpong,2862
Brian Kerr,2863
James Husband,2864
Leighton Baines,2865
Emmanuel Emenike,2866
Michu,2867
Fabricio Coloccini,2868
Niels Nkounkou,2869
Eddie Nketiah,2870
Martin Albrechtsen,2871
Semi Ajayi,2872
Liam Cooper,2873
Zak Dearnley,2874
Matija Šarkić,2875
Steven Davis,2876
Okay Yokuşlu,2877
Chris Brown,2878
Jesús Navas,2879
Gary McSheffrey,2880
Manolo Gabbiadini,2881
Connor Ronan,2882
Andriy Shevchenko,2883
Stéphane Henchoz,2884
Kaelan Casey,2885
Shaun Maloney,2886
Séamus Coleman,2887
Matthew Connolly,2888
Connor Goldson,2889
Oliver Norwood,2890
Darnell Johnson,2891
Max Sanders,2892
John McGinn,2893
Jakub Kiwior,2894
Tariq Lamptey,2895
Cameron Carter-Vickers,2896
Emerson Thome,2897
Dominic Thompson,2898
Calvin Ramsay,2899
Todd Cantwell,2900
Pierre Womé,2901
Lucas Radebe,2902
Mika Biereth,2903
Malik Buari,2904
Jordi Osei-Tutu,2905
Ashley Westwood,2906
Harry Arter,2907
Vladimír Coufal,2908
Conor Townsend,2909
Stephen Ireland,2910
Abdoulaye Faye,2911
Gláuber,2912
James McCarthy,2913
Leandro Bacuna,2914
Reece Grego-Cox,2915
Scot Gemmill,2916
Marcus Bettinelli,2917
Emile Smith Rowe,2918
Ronnie Stam,2919
Richard Nartey,2920
Moussa Niakhate,2921
Bartosz Kapustka,2922
Curtis Jones,2923
Marouane Chamakh,2924
Stevan Jovetić,2925
Jan Paul van Hecke,2926
Fred,2927
Samuel Shashoua,2928
Nile John,2929
Kamaldeen Sulemana,2930
Dujon Sterling,2931
Sam McQueen,2932
Louie Moulden,2933
Marcel Desailly,2934
Frank Onyeka,2935
Manuel Akanji,2936
Stefan Bajcetic,2937
Alpay Özalan,2938
Kieran Richardson,2939
Idrissa Gana Gueye,2940
Thomas Allan,2941
Lewis Richards,2942
Shaun Bartlett,2943
Philipp Wollscheid,2944
George Boyd,2945
Ollie Watkins,2946
Mason Greenwood,2947
Lee Hughes,2948
Alexander Mighten,2949
Luis Hernández,2950
Mark Cullen,2951
Roger Johnson,2952
Ryan Christie,2953
Michael Bridges,2954
Diogo Jota,2955
Tommy Miller,2956
Wayne Andrews,2957
Rory Watson,2958
Robbie Stockdale,2959
Stephen Darby,2960
Brad Guzan,2961
Josh Benson,2962
Matthew Upson,2963
Leon McKenzie,2964
Dion Pereira,2965
Arijanet Muric,2966
Oghenekaro Etebo,2967
Martin Olsson,2968
Tommie Hoban,2969
Beram Kayal,2970
Radosav Petrović,2971
Bruno N'Gotty,2972
Bernd Leno,2973
Robert Snodgrass,2974
Mamady Sidibé,2975
Papiss Cissé,2976
Rico Lewis,2977
Jermaine Jones,2978
Frederic Guilbert,2979
Enzo Fernández,2980
Niko Kranjčar,2981
Paul Dummett,2982
Sam Field,2983
Enock Mwepu,2984
Seth Johnson,2985
Amad Diallo,2986
Peter Løvenkrands,2987
Jota,2988
Tahar El Khalej,2989
Carlos Alcaraz,2990
Cala,2991
Joey O'Brien,2992
Björn Runström,2993
Marc Muniesa,2994
Lee Peltier,2995
Javier Mascherano,2996
Dane Scarlett,2997
Kane Wilson,2998
John Lundstram,2999
Theofanis Gekas,3000
Dean Marney,3001
Florent Sinama Pongolle,3002
Kyle Lafferty,3003
Kenwyne Jones,3004
Dwight Tiendalli,3005
Wilfried Zaha,3006
Alexander Hleb,3007
Ignacio Pussetto,3008
Ayoze Pérez,3009
Jérôme Bonnissel,3010
Ali Al-Habsi,3011
Tiemoué Bakayoko,3012
Santiago Vergini,3013
Thomas Sørensen,3014
Titi Camara,3015
Joe Aribo,3016
Andy Johnson,3017
Marcelo Martins Moreno,3018
Walter López,3019
Ryan Babel,3020
Mikael Nilsson,3021
Richard Rufus,3022
Al Bangura,3023
Ian Bennett,3024
Royston Drenthe,3025
Andreas Cornelius,3026
Alexandre Jankewitz,3027
Vincent Candela,3028
Tyler Dibling,3029
Liam Agnew,3030
André Gomes,3031
Daniel Adu-Adjei,3032
Duncan Watmore,3033
Federico Fazio,3034
Abel Xavier,3035
Cameron Humphreys,3036
Max Lowe,3037
Niall Mason,3038
Allan Nyom,3039
Ollie Shenton,3040
Wanya Marcal-Madivadua,3041
Jack Harrison,3042
Dwight McNeil,3043
Geoff Cameron,3044
Wayne Rooney,3045
Claudio Pizarro,3046
Carlos Cuéllar,3047
Dan Petrescu,3048
Santi Cazorla,3049
Cameron Jerome,3050
Nélson Oliveira,3051
Madjid Bougherra,3052
Dynel Simeu,3053
Charlie Colkett,3054
José Cañas,3055
Cédric Avinel,3056
Martin Brittain,3057
Juan Carlos Menseguez,3058
William Smallbone,3059
Andy Welsh,3060
Claudio Gomes,3061
Raheem Hanley,3062
Charlie Patino,3063
Adam Webster,3064
Simon Royce,3065
Ricardo Carvalho,3066
Michael Bradley,3067
Fraizer Campbell,3068
Joe-Max Moore,3069
Marcus Olsson,3070
Jon Harley,3071
Joe Ralls,3072
Mauricio Pellegrino,3073
Saša Ilić,3074
Matty Pattison,3075
William Saliba,3076
Joel Robles,3077
Kieran Trippier,3078
Josh Martin,3079
Phil Jones,3080
Mart Poom,3081
Johnny Gorman,3082
Neeskens Kebano,3083
Manuel Lanzini,3084
Alex Nyarko,3085
João Moutinho,3086
Ignasi Miquel,3087
Jay McEveley,3088
Brian Jensen,3089
Michael Ledger,3090
Tyrese Francois,3091
Jordan Zemura,3092
Wayne Routledge,3093
William Kvist,3094
Mo Camara,3095
Derek McInnes,3096
Oliwier Zych,3097
Gustavo Scarpa,3098
Stathis Tavlaridis,3099
Fabian Delph,3100
Marc Guéhi,3101
Joel Coleman,3102
Guly do Prado,3103
Markus Suttner,3104
Djamel Belmadi,3105
Andre Gray,3106
Carles Gil,3107
Nikola Kalinić,3108
Russell Anderson,3109
Sandro,3110
Ryan Sessegnon,3111
Craig Gordon,3112
Bailey Peacock-Farrell,3113
Roque Júnior,3114
Mario Melchiot,3115
James Coppinger,3116
Alex,3117
Răzvan Raț,3118
Gaëtan Bong,3119
Chris Armstrong,3120
Lucien Mettomo,3121
Paul Murray,3122
Muhamed Konjić,3123
Nils-Eric Johansson,3124
Henri Saivet,3125
Victor Lindelöf,3126
Oleksandr Zinchenko,3127
Stephen Pearson,3128
Ryan Fraser,3129
Javier Garrido,3130
Carl Hoefkens,3131
Johan Elmander,3132
Youssef Safri,3133
Ryan Astley,3134
Daniel Amartey,3135
Luke Ayling,3136
Billy Sharp,3137
Patrik Gunnarsson,3138
Tyrell Malacia,3139
Grant McCann,3140
Matt Clarke,3141
Lars Jacobsen,3142
Henning Berg,3143
John Curtis,3144
Lewis Richardson,3145
Lilian Martin,3146
Mark Noble,3147
Ethan Nwaneri,3148
Jarrod Bowen,3149
Pedro Mendes,3150
Pajtim Kasami,3151
Raheem Sterling,3152
Edwin van der Sar,3153
Kevin Danso,3154
Jordan Rossiter,3155
Robert Earnshaw,3156
Michael Chopra,3157
Craig Eastmond,3158
Aleksandar Dragović,3159
Matej Kovar,3160
Naby Keïta,3161
Jacob Ramsey,3162
John Johnson,3163
Sherjill MacDonald,3164
Hélder Postiga,3165
Vitinha,3166
Ashley Williams,3167
Luton Shelton,3168
Matheus Pereira,3169
Tyias Browning,3170
Adam Mitchell,3171
Collins John,3172
Ryan Trevitt,3173
Damien Plessis,3174
James Garner,3175
Christophe Berra,3176
Josh Dasilva,3177
Noel Hunt,3178
Callum Robinson,3179
Dougie Freedman,3180
Agustín Delgado,3181
Richard Gough,3182
Benjamin Stambouli,3183
Derek Geary,3184
Lomana LuaLua,3185
Marc Wilson,3186
Benoît Badiashile,3187
Costel Pantilimon,3188
Chancel Mbemba,3189
Mark Wilson,3190
Robert Hall,3191
Julian Gray,3192
Alexis Mac Allister,3193
Iván Ramis,3194
Luke Daniels,3195
Giedrius Arlauskis,3196
Bruno Fernandes,3197
Brandon Comley,3198
Japhet Tanganga,3199
Victor Bernth Kristiansen,3200
Siriki Dembélé,3201
Kévin Théophile-Catherine,3202
Theo Robinson,3203
Bobby Reid,3204
Ben Osborn,3205
Harrison Reed,3206
Jamal Baptiste,3207
Michael Reiziger,3208
Liam Delap,3209
Charlie Daniels,3210
Dodi Lukebakio,3211
Mamadou Sakho,3212
Daniel Bachmann,3213
Mark Fish,3214
Owen Garvan,3215
Martin Grainger,3216
Reece Welch,3217
Gavin Hoyte,3218
Paul Konchesky,3219
Kristoffer Nordfeldt,3220
Billy Knott,3221
Mousa Dembélé,3222
George Honeyman,3223
Romain Perraud,3224
Albert Sambi Lokonga,3225
Kofi Balmer,3226
Ben Thatcher,3227
Lewis Hall,3228
Dirk Kuyt,3229
Gareth Grant,3230
Tom Carroll,3231
Yoan Gouffran,3232
José Dominguez,3233
Saïd Benrahma,3234
Mohammed Salisu,3235
Davy Pröpper,3236
Tal Ben Haim,3237
George Marsh,3238
Karlo Ziger,3239
Pape Matar Sarr,3240
Joe Lewis,3241
Kerrea Gilbert,3242
Fabian Schär,3243
Neil Moss,3244
Russell Hoult,3245
Linvoy Primus,3246
Emmerson Boyce,3247
Giannis Skopelitis,3248
Diomansy Kamara,3249
Chris Morgan,3250
Lewis Baker,3251
Facundo Ferreyra,3252
Keane Lewis-Potter,3253
Junior Hoilett,3254
Nnamdi Ofoborh,3255
Ignacio Scocco,3256
Clarke Carlisle,3257
Stanley Mills,3258
Carlo Cudicini,3259
Greg Luer,3260
Gary McAllister,3261
Paulo Gazzaniga,3262
Ben Wilmot,3263
Daniel Iversen,3264
Cyrus Christie,3265
Nabil El Zhar,3266
Asmir Begović,3267
Maxwell Wellings,3268
Andrew Johnson,3269
Joseph Hodge,3270
Steve Bould,3271
Marco Borriello,3272
Rajiv van La Parra,3273
Nemanja Vidić,3274
Simon Elliott,3275
Stefan Johansen,3276
Alun Armstrong,3277
Darren Bent,3278
Bernard Ashley-Seal,3279
Jesse Lingard,3280
Lucas Neill,3281
Nigel Reo-Coker,3282
Shola Ameobi,3283
Pablo Marí,3284
Scott Minto,3285
John Heitinga,3286
Lewis Dunk,3287
Barry Bannan,3288
Pepe Reina,3289
Jayson Molumby,3290
Fran Mérida,3291
Tony Warner,3292
Marcus Forss,3293
Kolo Touré,3294
Ryo Miyaichi,3295
Liam O'Neil,3296
Simon Moore,3297
Ikechi Anya,3298
Diego Rico,3299
Paul Butler,3300
Kyle Walker-Peters,3301
Xande Silva,3302
Steven Alzate,3303
Jason Gavin,3304
Michael Owen,3305
Connor Roberts,3306
Matty Fryatt,3307
Filip Lesniak,3308
Maxwell Haygarth,3309
Filip Benković,3310
Cho Won-hee,3311
Alex Nimely,3312
Nathan Tella,3313
Amine Linganzi,3314
Dejan Lovren,3315
Gabriel Jesus,3316
Paris Simmons,3317
Armand Traoré,3318
Nathan Eccleston,3319
Gerard Piqué,3320
Sergio Peter,3321
Davinson Sánchez,3322
Savio Nsereko,3323
Wes Brown,3324
Curtis Davies,3325
Alex Baptiste,3326
Antonio Barragán,3327
João Carlos Teixeira,3328
Kyle Edwards,3329
Jordan Spence,3330
Viljami Sinisalo,3331
Martin Cranie,3332
Freddie Woodman,3333
Marlon Harewood,3334
Rubén Rochina,3335
Ederson,3336
Pascal Cygan,3337
Gilberto,3338
Matt Elliott,3339
Rene Gilmartin,3340
Martin Dúbravka,3341
Killian Phillips,3342
Franco Di Santo,3343
Keith Branagan,3344
Rushian Hepburn-Murphy,3345
Nicolas Pépé,3346
Matt Holland,3347
Nicklas Bendtner,3348
Thomas Robson,3349
José Sá,3350
Javier Manquillo,3351
Rasmus Nissen,3352
Adam Lallana,3353
Edmond-Paris Maghoma,3354
Josh Wilson-Esbrand,3355
Clément Lenglet,3356
Joe White,3357
Steffen Iversen,3358
Marcello Trotta,3359
Sergio Romero,3360
Stephen Clemence,3361
Lee Crooks,3362
Michael Svensson,3363
Nicky Weaver,3364
Adama Traoré,3365
James McClean,3366
Nani,3367
Emerson,3368
Damien Delaney,3369
Junior Lewis,3370
Roy Carroll,3371
Michael Obafemi,3372
Adam Clayton,3373
James Justin,3374
Philip Mulryne,3375
Steven Taylor,3376
Albert Riera,3377
Chris Löwe,3378
Archie Mair,3379
Yehor Yarmoliuk,3380
Roger Espinoza,3381
David Murphy,3382
Michy Batshuayi,3383
James Bree,3384
Martin Reeves,3385
Jonathan de Guzmán,3386
Ruben Loftus-Cheek,3387
Jarrell Quansah,3388
Simon Dawkins,3389
Sergio Rico,3390
Freddie Ljungberg,3391
Rio Ferdinand,3392
Vratislav Greško,3393
Aly Cissokho,3394
Vincenzo Montella,3395
Marcus Stewart,3396
Rafik Halliche,3397
Frank Sinclair,3398
Danny Williams,3399
Cameron Plain,3400
Chuba Akpom,3401
Jean-Philippe Mateta,3402
Danny Livesey,3403
Eyong Enoh,3404
Elia Caprile,3405
Mark Bunn,3406
Bojan Djordjic,3407
Stephen Carr,3408
Rafael van der Vaart,3409
Shkodran Mustafi,3410
Kortney Hause,3411
Dean Whitehead,3412
Rodrigo Possebon,3413
Jarrad Branthwaite,3414
Jermaine Johnson,3415
Andreas Christensen,3416
Josh Knight,3417
Lamine Sakho,3418
Lee McCulloch,3419
Aaron Mitchell,3420
Kamil Grosicki,3421
Marvin Zeegelaar,3422
Tahith Chong,3423
Jaidon Anthony,3424
Steven Caldwell,3425
Tashan Oakley-Boothe,3426
Borja Bastón,3427
Nordin Amrabat,3428
George Boateng,3429
Giovanni van Bronckhorst,3430
Corey Jordan,3431
Alan Mahon,3432
Lee Roche,3433
Ki Sung-yueng,3434
Nick Proschwitz,3435
Míchel Salgado,3436
Christian Panucci,3437
Oussama Assaidi,3438
Marcus Rashford,3439
John Hartson,3440
Matt Doherty,3441
Angeliño,3442
Alex Pike,3443
Jaïro Riedewald,3444
Danny Ings,3445
Jean Seri,3446
Cieran Slicker,3447
Mustapha Hadji,3448
David Wetherall,3449
Michael Duff,3450
Emanuel Pogatetz,3451
Lee Croft,3452
Steve Finnan,3453
Lewis Miley,3454
Alan Wright,3455
Marcelino Elena,3456
Edo Kayembe,3457
Andrew Crofts,3458
Aaron Doran,3459
Ľubomír Michalík,3460
Jordan Hugill,3461
Carlton Palmer,3462
Roman Pavlyuchenko,3463
Raúl Bravo,3464
Danny Ward,3465
Marouane Fellaini,3466
Stephen Elliott,3467
Anthony Gomez Mancini,3468
Scott Arfield,3469
Reiss Nelson,3470
Sotirios Kyrgiakos,3471
Patrick Kluivert,3472
Mark Travers,3473
Didier Agathe,3474
Diego Lugano,3475
Gérald Cid,3476
Dominic Samuel,3477
Kostas Chalkias,3478
Kevin McLeod,3479
Jak Alnwick,3480
Maik Taylor,3481
Fabio Borini,3482
Marvelous Nakamba,3483
Tiago Çukur,3484
Juanmi,3485
Jack Rose,3486
Pablo Ibáñez,3487
Anthony Modeste,3488
Bojan Krkić,3489
Joel Taylor,3490
Nery Castillo,3491
Lee Williamson,3492
Ibrahim Afellay,3493
Ryan Donk,3494
Adam Forshaw,3495
Ben Chilwell,3496
Ysrael Zúñiga,3497
Steven Gerrard,3498
Roberto Firmino,3499
Carl Fletcher,3500
Dean Hammond,3501
DJ Campbell,3502
Joe Dodoo,3503
Axel Tuanzebe,3504
Andy King,3505
Diego Costa,3506
Ray Parlour,3507
James Perch,3508
Sasa Kalajdzic,3509
Chem Campbell,3510
El-Hadji Ba,3511
Dan Agyei,3512
Michael Folivi,3513
Dion-Curtis Henry,3514
Emerse Faé,3515
Jiří Jarošík,3516
Barry Quinn,3517
Seol Ki-hyeon,3518
Andrew Robertson,3519
Alex Manninger,3520
Martín Herrera,3521
Armando Broja,3522
Fabrizio Ravanelli,3523
Kevin Toner,3524
Amadou Onana,3525
Lee Marshall,3526
Casemiro,3527
Mark Hudson,3528
John Utaka,3529
Tom Cairney,3530
Paul Telfer,3531
David Connolly,3532
Sascha Riether,3533
Tobi Omole,3534
Jermaine Jenas,3535
Willo Flood,3536
Samuele Dalla Bona,3537
Ryan Shawcross,3538
Brian Priske,3539
Ahmad Elrich,3540
Mikael Mandron,3541
Emmanuel Rivière,3542
Carlos Vela,3543
Erik Edman,3544
Patrick Cutrone,3545
Didier Domi,3546
David Brooks,3547
Jon Routledge,3548
Matt Grimes,3549
Arthur Melo,3550
Ben Clark,3551
Sam Williamson,3552
Emre Belözoğlu,3553
Frankie Maguire,3554
Marc Edworthy,3555
Johan Djourou,3556
Wilfred Bouma,3557
Kevin Cooper,3558
Matt Turner,3559
Juan Mata,3560
Luis Sinisterra,3561
Benni McCarthy,3562
Mario Balotelli,3563
Mike Whitlow,3564
Carlo Nash,3565
Marcus Tavernier,3566
Ashley Cole,3567
Frazer Richardson,3568
Radhi Jaïdi,3569
Andy Booth,3570
Robin van Persie,3571
Brek Shea,3572
John Stones,3573
Sebastián Blanco,3574
Daniel Langley,3575
Nathan Baker,3576
Dele Alli,3577
Daniel Batty,3578
Fabien Barthez,3579
Craig Beattie,3580
Mathieu Debuchy,3581
Alphonse Areola,3582
Abdoulaye Méïté,3583
Aleksandar Kolarov,3584
Jim Magilton,3585
Hal Robson-Kanu,3586
Jack Colback,3587
Lukas Jutkiewicz,3588
Orestis Karnezis,3589
Mame Biram Diouf,3590
Steve Vickers,3591
Anthony Pilkington,3592
Connor Randall,3593
Christian Ziege,3594
Jonjo Shelvey,3595
Jamie Bowden,3596
Mohamed Shawky,3597
Markus Babbel,3598
Michael Dawson,3599
Darnell Furlong,3600
Gaizka Mendieta,3601
Tom Beadling,3602
Khalilou Fadiga,3603
Giovani Lo Celso,3604
Scott Sinclair,3605
Brandon Pierrick,3606
Joe Lolley,3607
Gary Twigg,3608
Leon Clarke,3609
Leam Richardson,3610
Carl Robinson,3611
Josh Cullen,3612
Adam Matthews,3613
Julian Jeanvier,3614
Stephen Kelly,3615
Przemysław Płacheta,3616
Halil Dervişoğlu,3617
Karl Jakob Hein,3618
Hameur Bouazza,3619
Jason Koumas,3620
Luciano Figueroa,3621
Ben Foster,3622
Giovanni McGregor,3623
Benny Feilhaber,3624
Floyd Ayité,3625
Giovani dos Santos,3626
Luke Shaw,3627
Hugo Viana,3628
Geovanni,3629
Jason Roberts,3630
Zat Knight,3631
Ed Turns,3632
Silas,3633
Danny Crow,3634
Kamil Zayatte,3635
Alou Diarra,3636
Daley Blind,3637
Miguel Azeez,3638
Saphir Taïder,3639
Philip Ifil,3640
Nolberto Solano,3641
Brian McBride,3642
Kadeem Harris,3643
Gary O'Neil,3644
Pierre-Yves André,3645
Jermaine Beckford,3646
Facundo Sava,3647
Leon Andreasen,3648
Andreas Granqvist,3649
Vedran Ćorluka,3650
Noor Husin,3651
David Silva,3652
Boško Balaban,3653
Alex MacDonald,3654
Olivier Dacourt,3655
Peter Enckelman,3656
Christian Bassedas,3657
Eduard Campabadal,3658
Nathaniel Clyne,3659
Per Krøldrup,3660
Andranik Teymourian,3661
Danny Allsopp,3662
David Elm,3663
Jordan Ayew,3664
Elliot Embleton,3665
Reece Oxford,3666
Andrew Eleftheriou,3667
Valentino Lazaro,3668
Saša Lukić,3669
Bruno Guimarães,3670
Josh Tymon,3671
Andreas Pereira,3672
Pelé,3673
Evan Ferguson,3674
Matt Butcher,3675
Léo Bonatini,3676
Christoph Zimmermann,3677
Kevin Phillips,3678
Gareth Williams,3679
Kevin Betsy,3680
Nemanja Matić,3681
Jason Kennedy,3682
Kevin-Prince Boateng,3683
Nathan Dyer,3684
Cameron John,3685
Panagiotis Retsos,3686
Joe Bryan,3687
David Dunn,3688
Elliot Anderson,3689
Caleb Watts,3690
Steven Thompson,3691
Kei Kamara,3692
Sean Thornton,3693
Jimmy Morgan,3694
Zech Medley,3695
Denis Odoi,3696
Luca de la Torre,3697
Jesús Vallejo,3698
Michail Antonio,3699
José Izquierdo,3700
Alexis Sánchez,3701
Alex Cochrane,3702
Jake Vokins,3703
Roméo Lavia,3704
Kalidou Koulibaly,3705
Serge Gnabry,3706
Jay Tabb,3707
Pavel Srníček,3708
Dion Dublin,3709
Oscar,3710
Jürgen Locadia,3711
Patrick Vieira,3712
Azar Karadas,3713
Iago Aspas,3714
Alfie Lewis,3715
Victor Obinna,3716
Anton Ferdinand,3717
Caleb Folan,3718
Andros Townsend,3719
Sam Johnstone,3720
Joel Castro Pereira,3721
Sylvan Ebanks-Blake,3722
Danny Tiatto,3723
Viktor Gyökeres,3724
Ozan Tufan,3725
Sam Vokes,3726
Dennis Rommedahl,3727
Jack Hobbs,3728
Valentino Livramento,3729
Kostas Tsimikas,3730
Kasey Palmer,3731
Lee Morris,3732
Stuart Ripley,3733
Thomas Hitzlsperger,3734
Stephen Ward,3735
Franck Queudrue,3736
Bruno Cheyrou,3737
Stephen Wright,3738
Antonio Barreca,3739
Milan Baroš,3740
Charlie Austin,3741
Jean-Philippe Gbamin,3742
Dino Baggio,3743
Kevin Schade,3744
Williams Martínez,3745
Jordan Holmes,3746
Joe Rothwell,3747
Jérémy Pied,3748
Lee Hendrie,3749
Lee Barnard,3750
Gary Speed,3751
Abdisalam Ibrahim,3752
Tommy Wright,3753
Jay-Jay Okocha,3754
Victor Moses,3755
Orlando Sá,3756
Scott McTominay,3757
Jordon Mutch,3758
Eric Dier,3759
Raphaël Varane,3760
Nélson Semedo,3761
Finley Stevens,3762
Anthony Barness,3763
Juninho Paulista,3764
Aaron Lennon,3765
Nuno Valente,3766
Michael Keane,3767
Javier de Pedro,3768
Kelechi Iheanacho,3769
Con Blatsis,3770
Riyad Mahrez,3771
Yves Bissouma,3772
Jordan Amavi,3773
Joel Mumbongo,3774
Taiwo Awoniyi,3775
Allan Johnston,3776
Hakan Şükür,3777
Gastón Ramírez,3778
Orel Mangala,3779
George Thomas,3780
Jordi Amat,3781
Reda Khadra,3782
Apostolos Vellios,3783
Luke Cundle,3784
Michael Petrasso,3785
David Ginola,3786
Layton Ndukwu,3787
Chris Shuker,3788
Emiliano Insúa,3789
Harry Tyrer,3790
Liam Gibson,3791
Antonee Robinson,3792
Frank Leboeuf,3793
Matthew Pennington,3794
Pedro Chirivella,3795
Isaac Hayden,3796
Mikel Arteta,3797
Brandon Mason,3798
Tom Davies,3799
Shane Ferguson,3800
Bastian Schweinsteiger,3801
Nicky Southall,3802
Gaël Bigirimana,3803
Paul Smith,3804
Lewis Price,3805
Matt Jones,3806
Ishmel Demontagnac,3807
Marko Arnautović,3808
Dušan Tadić,3809
Tariqe Fosu,3810
Connor Mahoney,3811
Mauro Boselli,3812
Declan Rice,3813
Habib Beye,3814
Ian Feuer,3815
Maceo Rigters,3816
James Tarkowski,3817
Adrian Bernabe,3818
Raphinha,3819
Chris Bart-Williams,3820
John Oster,3821
Kyle Naughton,3822
Lee Camp,3823
Charlie Robinson,3824
Imran Louza,3825
Landon Donovan,3826
Dekel Keinan,3827
Luke Amos,3828
Kieffer Moore,3829
Nicola Ventola,3830
Michael Hughes,3831
Lassana Diarra,3832
Charalampos Mavrias,3833
Mitchell Beeney,3834
Declan John,3835
John Moncur,3836
Yun Suk-young,3837
Nenad Milijaš,3838
Ryan Inniss,3839
Vincent Kompany,3840
Heurelho Gomes,3841
Mathew Ryan,3842
Darren Eadie,3843
Tom Ince,3844
Jack Young,3845
Reece Hannam,3846
Sylvain Legwinski,3847
Jed Steer,3848
Wilson Palacios,3849
Bryan Oviedo,3850
Don Cowie,3851
Albert Jarrett,3852
Ondrej Duda,3853
Hérita Ilunga,3854
Zeki Fryers,3855
César Azpilicueta,3856
Gary Medel,3857
Jordan Veretout,3858
Antonio Nocerino,3859
Graham Kavanagh,3860
Hassane Kamara,3861
Steve McMillan,3862
Richard Chaplow,3863
Jhon Viáfara,3864
Steve De Ridder,3865
Mohamed Sissoko,3866
Kieran Lee,3867
Leroy Fer,3868
Simon Francis,3869
Shefki Kuqi,3870
Daniele Padelli,3871
Adam Masina,3872
Aaron Ramsey,3873
Kris Moore,3874
Dominic Sadi,3875
Ahmed Elmohamady,3876
Georginio Wijnaldum,3877
Crysencio Summerville,3878
Neil Lennon,3879
Kean Bryan,3880
Barry Ferguson,3881
Paul Ince,3882
Gaël Clichy,3883
Adam Johnson,3884
Dale Stephens,3885
Sebastian Lletget,3886
Mattéo Guendouzi,3887
Aruna Dindane,3888
Andrew Moran,3889
Shaqai Forde,3890
Ian Marshall,3891
Mesca,3892
Cody Gakpo,3893
Marc Pugh,3894
Michael Proctor,3895
Chris Kirkland,3896
Ben Hamer,3897
Giorgos Karagounis,3898
Paul Ritchie,3899
Harvey Barnes,3900
Jason Puncheon,3901
Jores Okore,3902
Maniche,3903
Luke Thomas,3904
Djair Parfitt-Williams,3905
Jordan Rhodes,3906
Rúben Vinagre,3907
Nathan Butler-Oyedeji,3908
Geoffrey Mujangi Bia,3909
Nick Blackman,3910
Roberto,3911
Mads Bech Sørensen,3912
Wesley Moraes,3913
Seydou Doumbia,3914
Mace Goodridge,3915
Andy van der Meyde,3916
Alfie Jones,3917
Vincent Péricard,3918
Peter Clarke,3919
Sergio Reguilón,3920
Danny Webber,3921
Maya Yoshida,3922
Walter Pandiani,3923
Anwar El Ghazi,3924
Flynn Downes,3925
Julien Faubert,3926
Liam Miller,3927
Patrick Foletti,3928
Paddy Kenny,3929
Martin Petrov,3930
Olivier Giroud,3931
Marco Amelia,3932
Diafra Sakho,3933
Erwin Mulder,3934
Lee Sharpe,3935
Kevin Lisbie,3936
Isaiah Rankin,3937
Dean Windass,3938
Lacina Traoré,3939
Guillermo Varela,3940
Aleix García,3941
Emiliano Martínez,3942
Émile Mpenza,3943
Daniël de Ridder,3944
Mark Draper,3945
Martin Taylor,3946
Matt Targett,3947
Eddie Lewis,3948
Diego Forlán,3949
Kiki Musampa,3950
Matthew Kilgallon,3951
Richard Cresswell,3952
Sébastien Bassong,3953
Karl Henry,3954
Stephen Hughes,3955
Djed Spence,3956
Julien Ngoy,3957
Kenny Tete,3958
Darren Pratley,3959
Olivier Kapo,3960
David Carney,3961
Lucien Aubey,3962
Jeff Whitley,3963
Borja Valero,3964
Mads Bidstrup,3965
Tom Hopper,3966
Troy Parrott,3967
Charles N'Zogbia,3968
Ciaran Clark,3969
Jake Flannigan,3970
Joy Mukena,3971
Chiquinho,3972
Jlloyd Samuel,3973
Joe Keenan,3974
Abel Hernández,3975
Arthur Masuaku,3976
İlkay Gündoğan,3977
Jeremy Ngakia,3978
Luis Díaz,3979
Kenny Cunningham,3980
Ivo Pinto,3981
Gary Borrowdale,3982
Michael Essien,3983
Gökhan Töre,3984
Jonny Howson,3985
Seb Larsson,3986
Bruno,3987
Billy Jones,3988
Gonzalo Higuaín,3989
Nacho González,3990
Tom Dele-Bashiru,3991
Michael Ballack,3992
Marvin Emnes,3993
Remo Freuler,3994
Archie Gray,3995
Tony Hibbert,3996
Francis Benali,3997
Lee Clark,3998
Antonio Valencia,3999
Christian Karembeu,4000
Sébastien Schemmel,4001
Darío Silva,4002
Mikkel Damsgaard,4003
Enrique de Lucas,4004
Hatem Ben Arfa,4005
Ricky van Wolfswinkel,4006
Fabinho,4007
Andy Cole,4008
Esteban Cambiasso,4009
Andy Morrison,4010
Niall Quinn,4011
Léandre Griffit,4012
Josh Sheehan,4013
Daniel Cousin,4014
Kelvin Etuhu,4015
Douglas Luiz,4016
Miguel Layún,4017
David Wheater,4018
Dion Sanderson,4019
Gareth Evans,4020
Radek Černý,4021
Muzzy Izzet,4022
Luke Mbete-Tatu,4023
Adel Taarabt,4024
Aleksandar Tonev,4025
Alexander Sørloth,4026
Wesley Hoedt,4027
James Maddison,4028
Trent Alexander-Arnold,4029
Tamir Cohen,4030
Duje Ćaleta-Car,4031
Arturo Lupoli,4032
Erik Hagen,4033
Nicky Maynard,4034
Mark Kennedy,4035
Jonathan Fortune,4036
Kieron Dyer,4037
Callum Paterson,4038
Max Gradel,4039
George Shelvey,4040
Cal Roberts,4041
Harry Maguire,4042
Shane Flynn,4043
Kevin Stewart,4044
Fabio Carvalho,4045
Chris Smalling,4046
George Weah,4047
Alan Stubbs,4048
Nicolas Nkoulou,4049
Philip Billing,4050
Jordan Slew,4051
Alex Oxlade-Chamberlain,4052
Folarin Balogun,4053
Michael Tonge,4054
Antonio Luna,4055
Bradley Wright-Phillips,4056
Jamie Mackie,4057
Anthony Forde,4058
